cam:dataFalecimento;cam:dataNascimento;cam:email;cam:ideCadastro;cam:nomeCivil;cam:nomeParlamentarAtual;cam:nomeProfissao;cam:sexo;slp:old_resource_uri;slp:resource_uri
;1989-02-26;dep.alielmachado@camara.gov.br;178927;ALIEL MACHADO BARK;ALIEL MACHADO;;M;292752eeb282a9776ee443cf44b26bb7;15b8fc34-6360-46bc-8b4d-8ec80564101d
;1973-11-11;dep.joaomarcelosouza@camara.gov.br;112437;JOÃO MARCELO SANTOS SOUZA;JOÃO MARCELO SOUZA;Psicólogo;M;de549e980bd660b3b287d5893a2e41a8;8e0752c7-21d0-46b9-8fef-0a3a49305652
;1940-12-15;dep.junjiabe@camara.gov.br;160544;JUNJI ABE;JUNJI ABE;;M;;e3424f93-3e6e-48a8-a6d6-8dc50138f1fc
;1966-06-22;dep.robertogoes@camara.gov.br;178995;ANTONIO ROBERTO RODRIGUES GÓES DA SILVA;ROBERTO GÓES;Administrador;M;d756776bc56efce11d2fecee1f4855d0;0c09b717-9e84-4f96-baff-1396ffde2225
;1971-10-28;dep.alessandromolon@camara.gov.br;160511;ALESSANDRO LUCCIOLA MOLON;ALESSANDRO MOLON;;M;069ec5b7ba726af033923cb2dd8a7340;e0bea418-a279-4fc1-be87-0ad12b13d570
;1973-12-07;dep.felipemaia@camara.gov.br;141429;FELIPE CATALÃO MAIA;FELIPE MAIA;;M;949b23d23985a4ef93de4f43d0eff8fa;991898e8-c29b-48f3-b063-993647de89f4
;1966-08-07;dep.remidiomonai@camara.gov.br;178960;REMIDIO MONAI MONTESSI;REMÍDIO MONAI;;M;68daee9ed1c1ee57bdb29f180b416adc;ac5971a9-72b6-4523-85f6-67fecaf86213
;1950-05-20;dep.vanderleimacris@camara.gov.br;141553;VANDERLEI MACRIS;VANDERLEI MACRIS;;M;0686f3aacaafeec85d46c3f48ceca6aa;b7e9e1fb-c94d-4e3e-ace5-eae5336202d8
;1976-10-23;dep.alanrick@camara.gov.br;178836;ALAN RICK MIRANDA;ALAN RICK;Administrador de Empresas, Jornalista;M;3f8ce45065ead34564ffbb987a294be7;8b6b072f-2ddb-42cb-bde3-d1aae3fb5610
;1961-12-15;dep.aeltonfreitas@camara.gov.br;141372;AELTON JOSÉ DE FREITAS;AELTON FREITAS;Empresário, Engenheiro Agrônomo, Produtor Rural;M;98911d3cdfdea21f0727f24324716a4c;eb798cdd-f2b3-4067-bf61-3cfe6fb2d5c0
;1966-11-04;dep.irmaolazaro@camara.gov.br;178855;ANTONIO LAZARO SILVA;IRMÃO LAZARO;Cantor, Compositor, Músico;M;e2a1159ae4d466b8f25d41f1e76c337c;b4f5d941-9557-43f0-8e97-c52880fc3d40
;1978-05-16;dep.marcossoares@camara.gov.br;178943;MARCOS BEZERRA RIBEIRO SOARES;MARCOS SOARES;Advogado(a);M;1a2a8c12348380555e510d1e1b6e7de3;427200ad-6036-4b32-b9a5-8366ad3762a4
;1942-08-23;dep.jarbasvasconcelos@camara.gov.br;131943;Jarbas de Andrade Vasconcelos;JARBAS VASCONCELOS;Advogado(a), Funcionário Público;M;27cb858867fc9c7dda1840755c51bf94;aef0eb5b-a793-4f4b-bf3a-42096fb8ccc3
;1944-10-05;dep.elcionebarbalho@camara.gov.br;74075;ELCIONE THEREZINHA ZAHLUTH BARBALHO;ELCIONE BARBALHO;;F;01d43219370d9829d129f3137ca3ce9e;7a5c4234-de71-46f9-9834-37f48e4c8d64
;1969-06-25;dep.arthurlira@camara.gov.br;160541;ARTHUR CÉSAR PEREIRA DE LIRA;ARTHUR LIRA;;M;40e0f7ef3222b01fb15dfe1d9227e652;40afd7c8-be57-406f-9c97-059d9987290f
;1952-10-12;dep.prof.gedeaoamorim@camara.gov.br;200153;GEDEAO TIMOTEO AMORIM;PROF. GEDEÃO AMORIM;;M;;70f024ba-cb8e-4e03-8e22-d1563edad285
;1967-04-21;dep.danilocabral@camara.gov.br;160528;DANILO JORGE DE BARROS CABRAL;DANILO CABRAL;;M;338bb4101273f30f14f85cb44c503aa8;8b854fe6-eb38-4016-bbef-4f9a2a24057b
;1974-06-18;dep.dejorgepatricio@camara.gov.br;196357;DEJORGE PATRICIO DA SILVA;DEJORGE PATRÍCIO;;M;79978af6ceba742cef5b8d6f2c37efac;e2e852dd-b88d-42d8-8c1f-7fc16456df65
;1969-08-18;dep.fabiotrad@camara.gov.br;160587;FÁBIO RICARDO TRAD;FÁBIO TRAD;;M;;b577f1da-9433-4bc7-8076-18fd69e15a4b
;1975-04-02;dep.vaidonoliveira@camara.gov.br;195866;FRANCISCO VAIDON OLIVEIRA;VAIDON OLIVEIRA;;M;c5c27cf8ec30938bd70521342f41e72b;4fb7b7b9-0e0e-489e-a0c5-dcaaf3332354
;1980-07-10;dep.marcelodelaroli@camara.gov.br;195826;MARCELO JANDRE DELAROLI;MARCELO DELAROLI;;M;f2853fa0fdbb8c2ee9ac74d5bc82001f;45146eae-23c2-4eaf-bde2-bc66bbf9a375
;1952-08-17;dep.carlossouza@camara.gov.br;73934;CARLOS ALBERTO CAVALCANTE DE SOUZA;CARLOS SOUZA;;M;;9dc0c2de-2b20-42ce-a37a-74bb3943a680
;1944-07-26;dep.yedacrusius@camara.gov.br;73992;YEDA RORATO CRUSIUS;YEDA CRUSIUS;Economista, Professor(a);F;bfd9474dda2ab2d87cf1b2ac305eedc9;8d384071-e219-40dd-9952-a4c05298e387
;1959-09-07;dep.normaayub@camara.gov.br;66179;NORMA AYUB ALVES;NORMA AYUB;Servidor Público;F;ed3810b6254ad72ae8434b93d8408371;5346ba3f-52fb-4001-b0f9-456107d08ad9
;1975-05-13;dep.pollyanagama@camara.gov.br;195997;POLLYANA FATIMA GAMA SANTOS;POLLYANA GAMA;;F;f0fe3d3d0d6ea4a8a1bb25f6825d45f2;692712dc-4206-41b4-8103-246b7f18cfd7
;1944-11-29;dep.lucianobivar@camara.gov.br;74478;Luciano Caldas Bivar;LUCIANO BIVAR;Administrador;M;4e611c127201f37507eb2e5e1461d3b4;e3c11e21-ee7e-4064-ba64-6e18ff58206e
;1969-10-14;dep.luanacosta@camara.gov.br;81366;LUANA MARIA DA SILVA COSTA;LUANA COSTA;Dentista;F;3fdec23ebaea8109310c274518508230;1488667e-0ca0-4341-b95d-c834e6a1c96a
;1971-03-12;dep.renatoandrade@camara.gov.br;171620;RENATO BARBOSA DE ANDRADE;RENATO ANDRADE;;M;c181751762b857da07ffafd0112cfd5c;5cde9f35-e3fc-4d07-90df-6768f0fc0e04
;1990-07-26;dep.andreamaral@camara.gov.br;195143;ANDRÉ AUGUSTO CASTRO DO AMARAL FILHO;ANDRÉ AMARAL;;M;ecd7430dc9804803a538eca2100eb2ec;faa01cf1-3d82-4141-a980-e17a4e8706af
;1973-04-22;dep.rosinhadaadefal@camara.gov.br;146949;ROSEANE CAVALCANTE DE FREITAS ESTRELA;ROSINHA DA ADEFAL;;F;b5c10ce1699a0f589aa641b8122e2569;8c6c5654-b9b6-42eb-93bf-69e0ed2fb5a4
;1965-11-16;dep.cajarnardes@camara.gov.br;194261;CAJAR ONESIMO RIBEIRO NARDES;CAJAR NARDES;;M;24b59d74cbd2d06169557b5bbcdfcdf5;3d9f1ccc-b53f-440a-958d-d8184d6055c1
;1971-11-20;dep.jonesmartins@camara.gov.br;194262;JONES ALEXANDRE MARTINS;JONES MARTINS;;M;5216a0e2af23929c109a75a2b55c1d75;2454ed5c-4212-4ddc-b2fb-41280f903293
;1963-08-11;dep.moisesdiniz@camara.gov.br;195278;MOISES DINIZ LIMA;MOISÉS DINIZ;;M;f5c7de8b36b0eb1dea6e09760e7ae237;46542b01-3b62-421e-b241-5f2aafd55b59
;1967-08-31;dep.pastorlucianobraga@camara.gov.br;193982;LUCIANO FRED BRAGA PENHA;PASTOR LUCIANO BRAGA;;M;fc367fb868f1f7bfee5758e8ea1e5f93;b8b6aa45-394e-41b7-8cd8-ffbd1affa66e
;1948-09-17;dep.nelsonpadovani@camara.gov.br;160566;NELSON PADOVANI;NELSON PADOVANI;Empresário;M;5244b3585598ecab86e0e942680aa83c;175355a3-4899-45df-adbe-6ed44f6efa1e
;1952-03-14;dep.severinoninho@camara.gov.br;167614;SEVERINO DE SOUZA SILVA;SEVERINO NINHO;;M;16e23b27dad8ce51a60b71dea5e5ff69;ae268834-d65a-4ca9-a1fe-bf0a39c45fd4
;1936-07-10;dep.creuzapereira@camara.gov.br;194258;CLEUZA PEREIRA DO NASCIMENTO;CREUZA PEREIRA;;F;d93ad34777bc3949e0844693ba615815;7144f675-a6ec-4ec8-8d4a-1d16050d757c
;1929-05-17;dep.vicentearruda@camara.gov.br;74308;VICENTE FERREIRA DE ARRUDA COELHO;VICENTE ARRUDA;;M;14c8117777d1b6983bf47851bf893913;c54eb7fd-1724-40cc-845e-d665522c82a0
;1956-04-11;dep.wadihdamous@camara.gov.br;189593;WADIH NEMER DAMOUS FILHO;WADIH DAMOUS;;M;f0ba24491d0136cf7483fc6707caa502;e56b18f8-50cc-4e0f-95ab-8807c2cddb39
;1938-10-11;dep.ariostoholanda@camara.gov.br;74103;FRANCISCO ARIOSTO HOLANDA;ARIOSTO HOLANDA;;M;cde5e48f3f3d3a03a927e58864666e8f;5c206364-b927-47a8-8602-ac1bbc06a1f1
;1963-05-01;dep.lauracarneiro@camara.gov.br;74856;MARIA LAURA MONTEZA DE SOUZA CARNEIRO;LAURA CARNEIRO;Advogado(a), Servidor Público;F;4a5d909831712832db0471108e377a22;8b9c7f69-05bf-494e-9c63-77c800ae7c76
;1939-08-13;dep.reinholdstephanes@camara.gov.br;73786;REINHOLD STEPHANES;REINHOLD STEPHANES;;M;a6cc6e480bd8dfe43088fca8feb7a50c;8fd2d8e1-ae9b-46d2-837a-8ee2bfbea125
;1974-07-31;dep.maiafilho@camara.gov.br;151965;JOSÉ DE ANDRADE MAIA FILHO;MAIA FILHO;Empresário;M;4c3a0f00a7fbf84332ea44a2da52dd8e;2427e461-78ba-4aa8-93e8-ede1b6db1ad1
;1956-05-06;dep.zeaugustonalin@camara.gov.br;191945;JOSÉ AUGUSTO NALIN;ZÉ AUGUSTO NALIN;;M;486c656a6fe9b8b111d02e598e6e890a;c879e7e5-29fc-4267-94be-a619815e1f45
;1987-02-10;dep.albertofilho@camara.gov.br;160582;JOSÉ ALBERTO OLIVEIRA VELOSO FILHO;ALBERTO FILHO;;M;4d5d3e6498d808f1a3e0916f33f525d5;6c08c7d8-6318-4293-b77f-ca5dacc9b3a0
;1971-01-30;dep.silasfreire@camara.gov.br;187008;SILAS FREIRE PEREIRA E SILVA;SILAS FREIRE;;M;b1872a0e562b02ed843a0f14d02d867b;87006238-7ceb-4a43-9ecf-15ea9f9bc3a8
;1982-01-24;dep.elizeudionizio@camara.gov.br;181316;ELIZEU DIONIZIO SOUZA  DA SILVA;ELIZEU DIONIZIO;Advogado(a);M;8327feb335be02b4fbcb9c5e34e760f2;76e00c8d-3605-474a-951c-aa3501a59a96
;1973-04-04;dep.franklin@camara.gov.br;186775;FRANKLIN ROBERTO DE LIMA SOUZA;FRANKLIN;Pastor Evangélico, Radialista;M;d15dcb63f710c0fb391a840dc4a0c1a5;73f9e46d-dd05-4ec4-a92d-3f5a87d66cd7
;1962-12-09;dep.deoclidesmacedo@camara.gov.br;185500;DEOCLIDES ANTONIO SANTOS NETO MACEDO;DEOCLIDES MACEDO;;M;45787fc5ca96276af2eec7a984640bac;6e8c517f-9a2b-49a2-b4a8-cc254c663d8a
;1947-01-13;dep.josefogaca@camara.gov.br;131966;José Alberto Fogaça de Medeiros;JOSÉ FOGAÇA;Advogado(a), Professor(a);M;bacb7f6ab067416d867919d023290b4f;04b695bc-f4ba-45e8-a641-3ac6ed475510
;1958-09-01;dep.mauropereira@camara.gov.br;124411;MAURO PEREIRA;MAURO PEREIRA;;M;0798510429fc58dcf4986a01d813fdbb;65bf41c2-83e2-4033-9f2e-55cf12b5f875
;1942-04-20;dep.robertofreire@camara.gov.br;73805;ROBERTO JOÃO PEREIRA FREIRE;ROBERTO FREIRE;;M;f3f822f94289081103cbcfd081d60b9b;fe6d1272-6e22-4116-860b-36fbb8394e6f
;1957-01-19;dep.celsojacob@camara.gov.br;73568;CELSO ALENCAR RAMOS JACOB;CELSO JACOB;;M;95c7fa79179a1adbca4ae751afeb75ce;036ebd90-734f-46b4-aede-0e23d2295538
;1960-11-07;dep.davidsonmagalhaes@camara.gov.br;101309;DAVIDSON DE MAGALHÃES SANTOS;DAVIDSON MAGALHÃES;;M;be691f02a69334caf6da6bd011c00512;2122616b-231c-48ef-bcb6-5700a5b5937f
;1940-04-23;dep.carloseduardocadoca@camara.gov.br;74474;CARLOS EDUARDO CINTRA DA COSTA PEREIRA;CARLOS EDUARDO CADOCA;;M;162f64364f291a7c03421d68e4abc23d;90fa85f9-4cce-441f-b246-c1606ff1789e
;1959-04-19;dep.walneyrocha@camara.gov.br;160631;WALNEY DA ROCHA CARVALHO;WALNEY ROCHA;;M;0f399862ae8304b88134541f3398a4e2;e2fe8d3d-586c-4fed-b955-992231420032
;1976-09-17;dep.fernandomonteiro@camara.gov.br;92699;FERNANDO MONTEIRO DE ALBUQUERQUE;FERNANDO MONTEIRO;;M;600b0780579b00fbd012aa3d8e48d512;878805ca-ffb9-4049-a5cf-5fae9adb3dba
;1959-04-28;dep.sandesjunior@camara.gov.br;74372;JOÃO SANDES JÚNIOR;SANDES JÚNIOR;;M;0e245534512917219cdd244c41da3d91;d85b6008-da9b-4e78-8a7b-088fde9afb2f
;1968-12-28;dep.fernandotorres@camara.gov.br;160676;FERNANDO DANTAS TORRES;FERNANDO TORRES;Empresário;M;f7e0504294e53e01c6268e03c5b6d951;26c4c0c2-1c52-4597-829b-49d56d26eb02
;1962-10-22;dep.augustocoutinho@camara.gov.br;160665;AUGUSTO RODRIGUES COUTINHO DE MELO;AUGUSTO COUTINHO ;;M;1837207751500d52499c13f13e1fb5f0;a1bcdd41-43f7-4fc7-91b4-c550645c40f7
;1973-09-16;dep.marceloaguiar@camara.gov.br;160660;MARCELO THEODORO DE AGUIAR;MARCELO AGUIAR;;M;799d94699c9d8a873e31aec41d5dec0f;29456ec9-b5a6-42c6-a31a-5a60160aa27e
;1957-06-18;dep.lobbeneto@camara.gov.br;74277;ANTONIO ADOLPHO LOBBE NETO;LOBBE NETO;Biomédico;M;ff07c0bae83c39ebfe249147acf484b8;6f85d088-30b0-4b0f-a955-1ebc68352634
;1972-02-23;dep.andremoura@camara.gov.br;160543;ANDRÉ LUIS DANTAS FERREIRA;ANDRE MOURA;;M;73ca0003db34528d6b7d9ab7b98d17a9;83439374-5e2c-44ef-96df-23695c7f567e
;1961-07-17;dep.walterihoshi@camara.gov.br;141560;WALTER SHINDI IIHOSHI;WALTER IHOSHI;Administrador de Empresas;M;9f1fd94a33f1b6365f0649e81090c182;2cbbf654-802b-4eb0-92e1-13eaadc943ae
;1969-03-20;dep.osmarbertoldi@camara.gov.br;180545;OSMAR STUART BERTOLDI;OSMAR BERTOLDI;;M;569da6fd21c945e201bffde90386c4ba;0c0773c7-4ec3-4195-98ae-3c709d99bcff
;1946-06-13;dep.antoniocarlosmendesthame@camara.gov.br;73584;ANTONIO CARLOS DE MENDES THAME;ANTONIO CARLOS MENDES THAME;;M;61f3bb7a8e6bbe17e3988dad717d6f24;2a0b73b3-1f65-4b38-8822-5458f3e6efde
;1964-05-30;dep.ademircamilo@camara.gov.br;133374;ADEMIR CAMILO PRATES RODRIGUES;ADEMIR CAMILO;;M;0619a608d90f2633bc0b259580c3b13e;685c1a71-72a1-43be-8165-5f005cd1f635
;1964-09-21;dep.marcon@camara.gov.br;160535;DIONILSO MATEUS MARCON;MARCON;;M;eb86fee0ed47469617e3579a47b76730;b7d76435-d5b7-493c-ab28-3961760ed973
;1963-06-08;dep.bilacpinto@camara.gov.br;141513;OLAVO BILAC PINTO NETO;BILAC PINTO;;M;9d5c32a8d1f92749308762291ccc4c7d;ef6781c2-00a1-4c53-a76b-05a01876f805
;1962-04-21;dep.joseotaviogermano@camara.gov.br;74395;JOSÉ OTÁVIO GERMANO;JOSÉ OTÁVIO GERMANO;;M;48e8d2be8346c694e1e45aab39816214;ce1c6b77-2313-42ba-9b6e-94c9f638853a
;1958-01-08;dep.ciceroalmeida@camara.gov.br;178841;JOSÉ CÍCERO SOARES DE ALMEIDA;CÍCERO ALMEIDA;Cantor, Radialista, Repórter;M;40950be552b14179da5316a7ddc7576d;0c473298-3e3a-408a-be7e-afbbf60fc8d8
;1941-11-04;dep.carlosbezerra@camara.gov.br;141401;CARLOS GOMES BEZERRA;CARLOS BEZERRA;Advogado(a), Industrial, Professor(a);M;ca1095b82e63c9701d301b0fcad17496;7637c722-27db-4b98-bc8d-cb84815a0dc1
;1937-03-11;dep.aroldedeoliveira@camara.gov.br;74833;AROLDE DE OLIVEIRA;AROLDE DE OLIVEIRA;;M;49105dab3cfa5c9307a46b38eedec417;9388a17d-1ef7-4d34-875b-14a0631972c7
;1948-08-18;dep.joserocha@camara.gov.br;74554;JOSÉ ALVES ROCHA;JOSÉ ROCHA;;M;5b7663f198b9861036cff99e06eda725;01ca2637-858f-4c94-9885-a65527c10b68
;1964-08-17;dep.arthuroliveiramaia@camara.gov.br;160600;ARTHUR DE OLIVEIRA MAIA DA SILVA;ARTHUR OLIVEIRA MAIA;;M;3f8ff039f2cb68fb2af9f0e0b67e39c0;7064854e-be7e-4969-8d50-062fbfc74dff
;1960-04-23;dep.toninhopinheiro@camara.gov.br;160611;ANTÔNIO PINHEIRO JÚNIOR;TONINHO PINHEIRO;;M;59732fedb7130006ba5a754ae6afef07;f6477ad1-03b7-45df-a182-418995ff87c4
;1954-05-01;dep.laertebessa@camara.gov.br;141478;LAERTE RODRIGUES DE BESSA;LAERTE BESSA;Delegado de Polícia;M;93efa5159f0e5794c33cb048766ffd33;09227dec-b175-48b0-978c-43160d550d68
;1956-08-20;dep.celsorussomanno@camara.gov.br;73441;CELSO UBIRAJARA RUSSOMANNO;CELSO RUSSOMANNO;Apresentador de Televisão, Repórter;M;4f5fc3ebe8e362077f3b5e114baf071b;5b173fd3-6bba-4772-87c5-07ceec0e7724
;1956-12-11;dep.missionariojoseolimpio@camara.gov.br;160561;JOSÉ OLIMPIO SILVEIRA MORAES;MISSIONÁRIO JOSÉ OLIMPIO;Comerciante;M;ac075a35de2f796a91fd1b249447a45c;20ed7da1-0933-49e8-89a3-23aa02407194
;1957-06-03;dep.leonidascristino@camara.gov.br;74299;JOSÉ LEÔNIDAS DE MENEZES CRISTINO;LEÔNIDAS CRISTINO;Engenheiro Civil;M;1171838345ed269733f05d07a6f49149;ebd6920d-84a9-424e-b6e3-16219d908453
;1967-02-28;dep.padrejoao@camara.gov.br;160556;JOÃO CARLOS SIQUEIRA;PADRE JOÃO;Sacerdote Católico;M;5795d3354a6b3266439b04b5fc786081;dcdf0df7-dacb-46a4-80b5-b1e2d2b14958
;1963-08-22;dep.anaperugini@camara.gov.br;178973;ANA LUCIA LIPPAUS PERUGINI;ANA PERUGINI;Advogado(a);F;fedca07d26773ad1725b941337c1674d;1a428fb8-2fd2-4ed5-b7b6-206289eef124
;1966-04-18;dep.robertodelucena@camara.gov.br;160653;ROBERTO ALVES DE LUCENA;ROBERTO DE LUCENA;;M;ade0322e3c90073d633b8aacaaff79bb;da5179a2-0d4a-491d-9397-d7f42ab72c9c
;1969-04-26;dep.flaviamorais@camara.gov.br;160598;FLÁVIA CARREIRO ALBUQUERQUE MORAIS;FLÁVIA MORAIS;;F;d70a34bd021e5a634e93d659d03414b9;f40224d8-0318-4a48-9cf5-5eba74cae080
;1972-10-08;dep.joaocarlosbacelar@camara.gov.br;141458;JOÃO CARLOS PAOLILO BACELAR FILHO;JOÃO CARLOS BACELAR;;M;0917e4b2f68484bc096cf9c3c982fa1a;f25598a4-8e2d-4a7a-8b77-945f0062b100
;1986-08-15;dep.rafaelmotta@camara.gov.br;178951;RAFAEL HUETE DA MOTTA;RAFAEL MOTTA;Engenheiro;M;0c5740f1d9ed497f26110b7c1fc7d69a;9cafa891-53fd-424a-aeb0-e82c0161a045
;1985-05-01;dep.pedrovilela@camara.gov.br;178844;PEDRO TORRES BRANDÃO VILELA;PEDRO VILELA;;M;292d00739463e6f16f33c9a0952fe2d7;77ef03a2-32e4-48f6-a8b3-5efd1b19d2d6
;1952-05-05;dep.alfredonascimento@camara.gov.br;178846;ALFREDO PEREIRA DO NASCIMENTO;ALFREDO NASCIMENTO;;M;d055efff4340e81fefc8c37c690a89ea;dd2c96f0-ee44-457d-9399-55cf9987fda0
;1965-03-19;dep.romulogouveia@camara.gov.br;141536;RÔMULO JOSÉ DE GOUVEIA;RÔMULO GOUVEIA;Servidor Público;M;30d32aadb75667abeca1390079687537;d81e517c-81ba-41d3-96e6-e9a67c8533f9
;1982-04-15;dep.renataabreu@camara.gov.br;178989;RENATA HELLMEISTER DE ABREU;RENATA ABREU;Advogado(a), Empresária;F;22347716fddeb5d6a78ce94b0f820b08;314145bf-29aa-4bb5-8439-028de88acef3
;1956-05-18;dep.sergiozveiter@camara.gov.br;160612;SERGIO ZVEITER;SERGIO ZVEITER;;M;c9a978684a12bf66b7b0684681297384;d78b0ec9-b265-4294-b73e-2a070d790fcc
;1950-09-14;dep.luiscarlosheinze@camara.gov.br;73483;LUIS CARLOS HEINZE;LUIS CARLOS HEINZE;;M;77dadc15f14d848bcab3b17b6f6cbef3;29e65180-12cc-4baa-897c-4d270fd18819
;1971-02-16;dep.cabosabino@camara.gov.br;178865;FLAVIO ALVES SABINO;CABO SABINO;Corretor de Imóveis;M;e66e2b4c0a202b035b1ceb5db24bb1f7;e1ed3360-09f3-4b2b-8a2a-9de14de70e8d
;1971-11-30;dep.benjaminmaranhao@camara.gov.br;74040;BENJAMIN GOMES MARANHÃO NETO;BENJAMIN MARANHÃO;;M;125b75b835bd3f45e3d9bc6535964b7d;03a3adb6-b694-4bfe-93ef-03b0b9890f01
;1960-06-23;dep.giovanicherini@camara.gov.br;160673;GIOVANI CHERINI;GIOVANI CHERINI;;M;4df58729c582e3ed71c5ec12d1e355a9;8d5cfc43-3832-4a72-86a2-8b475e681467
;1960-03-21;dep.tenentelucio@camara.gov.br;178898;SERGIO LUCIO DE ALMEIDA;TENENTE LÚCIO;;M;a8d3775a32a2919d59c89b4113c5826e;6b1f5fba-6f3b-442c-927b-077392c03d66
;1944-12-21;dep.josecarlosaraujo@camara.gov.br;74140;JOSÉ CARLOS LEÃO DE ARAÚJO;JOSÉ CARLOS ARAÚJO;;M;ce7fcbd5f9ea3c755b39e597fed3f643;6b97cad1-faf2-4109-acfd-c69ecb073c26
;1968-05-26;dep.marcelomatos@camara.gov.br;76287;MARCELO VIVIANI GONÇALVES;MARCELO MATOS;;M;35e6d568220831e252347905fa973553;c24ab58f-8293-408c-9a0e-ef0b064f36af
;1972-11-25;dep.sandroalex@camara.gov.br;160621;SANDRO ALEX CRUZ DE OLIVEIRA;SANDRO ALEX;;M;43fa649a92d563b6e2f6d4b4114b88f5;4c82bc19-7d70-4b30-bc59-2eb0669fff8c
;1949-06-15;dep.mariahelena@camara.gov.br;64960;MARIA HELENA VERONESE RODRIGUES;MARIA HELENA;Advogado(a), Professor(a);F;1a1e93bb7615021b7289497c85bb5800;e3aed6fc-6f42-41a4-9903-2a206e280844
;1989-08-27;dep.andrefufuca@camara.gov.br;178882;ANDRE LUIZ CARVALHO RIBEIRO;ANDRÉ FUFUCA;Médico(a);M;93c057d2e204415b359c576696e26ea4;4c48a08a-ef37-4281-a036-17a1bec41fc5
;1949-12-24;dep.arlindochinaglia@camara.gov.br;73433;ARLINDO CHIGNALIA JUNIOR;ARLINDO CHINAGLIA;;M;c236c68d1ab6e61ac05c549a06955732;c5de0aa0-8cd1-48bd-8281-10a14746168a
;1962-03-29;dep.abelmesquitajr@camara.gov.br;178957;ABEL SALVADOR MESQUITA JUNIOR;ABEL MESQUITA JR.;Empresário;M;aed6224c8c381b6e184198948059bcca;2a4173df-a72f-421b-ac42-85a8cd09c3f0
;1930-05-14;dep.bonifaciodeandrada@camara.gov.br;74650;BONIFÁCIO JOSÉ TAMM DE ANDRADA;BONIFÁCIO DE ANDRADA;;M;26aac1bb221d06549bcba1e5118ab112;062efde5-2793-4840-9d16-862a7de36941
;1976-03-30;dep.cabodaciolo@camara.gov.br;178938;BENEVENUTO DACIOLO FONSECA DOS SANTOS;CABO DACIOLO;Militar;M;d92143bd13ac5a61bdb8435581237303;6122494e-a102-4557-aaf5-268b03601fe8
;1976-01-13;dep.elicorreafilho@camara.gov.br;160532;ADRIANO ELI CORRÊA;ELI CORRÊA FILHO;;M;c52c0c7115c9dd9f9bc58115c61187cc;b6b2f8dc-6fd7-41e7-a7c6-5041964a25d4
;1978-11-04;dep.danielcoelho@camara.gov.br;178916;DANIEL PIRES COELHO;DANIEL COELHO;Administrador;M;8dad2de3232de38fd6460e6fcbd73a5c;6122385c-907d-4499-98be-e07013827ae1
;1974-07-22;dep.thiagopeixoto@camara.gov.br;160617;THIAGO MELLO PEIXOTO DA SILVEIRA;THIAGO PEIXOTO;;M;86d9d611f0a645fee56d2e0e0877e11c;646a4e23-7545-4a2e-a042-6845c2e586e3
;1976-03-03;dep.stefanoaguiar@camara.gov.br;92776;STEFANO AGUIAR DOS SANTOS;STEFANO AGUIAR;;M;2b8eb6f08b64f3a0863ccd893c909b31;51de4975-7b17-4568-94c1-c837e70de3a1
;1975-11-29;dep.alexandreserfiotis@camara.gov.br;178833;ALEXANDRE AUGUSTUS SERFIOTIS;ALEXANDRE SERFIOTIS;Médico(a);M;0d9aaa629879fe27435d80a2da1469e7;f0ceb66f-fcef-47be-8007-9fcc7153fa44
;1963-07-31;dep.niltotatto@camara.gov.br;178986;NILTO IGNACIO TATTO;NILTO TATTO;Coordenador de Projetos;M;2e07e35b882279afef34c75f28791234;4b3efd67-8ce4-4cf0-a3fa-e47a233b8d6a
;1967-08-22;dep.joaodaniel@camara.gov.br;178970;JOAO SOMARIVA DANIEL;JOÃO DANIEL;Agricultor;M;bfc3a21b04486f1f0d7689a8515bc3d2;a13053fe-45ad-413a-9e2a-46ed429a0772
;1958-11-30;dep.arnaldojordy@camara.gov.br;160602;ARNALDO JORDY FIGUEIREDO;ARNALDO JORDY;;M;6c94125b2b5cd1cede8ad11fc72708e7;5aa14268-4bab-4f0b-a7d3-f54337164a35
;1963-10-28;dep.ezequielfonseca@camara.gov.br;178904;EZEQUIEL ANGELO FONSECA;EZEQUIEL FONSECA;Professor de Matemática;M;a3ff12708d2dc83d0a087f3f11630f39;0ece7c0c-2545-4c18-bc09-90931ccaec80
;1989-08-10;dep.wilsonfilho@camara.gov.br;160636;JOSÉ WILSON SANTIAGO FILHO;WILSON FILHO;;M;25b43c4c7c9fb2b47c9ebec7df79b7b5;ac0ab8cf-9e5c-4039-88a3-db61b685c5f4
;1956-03-09;dep.ronaldobenedet@camara.gov.br;160515;RONALDO JOSÉ BENEDET;RONALDO BENEDET;;M;d1570b0766b275cf40068fab1026ac25;797c7b45-b498-4cc4-9d70-a48d6df50405
;1971-06-11;dep.georgehilton@camara.gov.br;141441;GEORGE HILTON DOS SANTOS CECÍLIO;GEORGE HILTON;;M;1b8d14d3eee5e3ebbb7dd0b3a46df733;4ed92978-57d4-49cc-a41b-2892195616cb
;1960-06-13;dep.marcuspestana@camara.gov.br;159238;MARCUS VINÍCIUS CAETANO PESTANA DA SILVA;MARCUS PESTANA;;M;74bfdec52533a202ad40d221cb3241e1;05a45a2a-8576-4e9b-9c30-9450edcb3cd1
;1948-08-29;dep.benitogama@camara.gov.br;74535;BENITO DA GAMA SANTOS;BENITO GAMA;Economista, Professor(a);M;8e90e0a14ef7e9403b236adc00ecfebd;20efe751-609b-46ea-8e5c-2cec3e93dcb7
;1937-03-23;dep.paeslandim@camara.gov.br;74319;JOSÉ FRANCISCO PAES LANDIM;PAES LANDIM;;M;b9bf2994bbbaf6fc25608e121f6250c5;6ce2d447-35e3-4a87-aa45-b9b7eef21c67
;1969-10-18;dep.lindomargarcon@camara.gov.br;141483;LINDOMAR BARBOSA ALVES;LINDOMAR GARÇON;Comerciante;M;ae5ddd51306363fef703226135bef02b;21eb7064-9f86-4026-8a5f-be2179325729
;1962-05-31;dep.subtenentegonzaga@camara.gov.br;177282;LUIZ GONZAGA RIBEIRO;SUBTENENTE GONZAGA;;M;955c67745681dc7cff51f92335166159;7d5a389d-8232-4d86-87cf-5b1ac52b4438
;1949-11-17;dep.flavianomelo@camara.gov.br;141434;FLAVIANO FLÁVIO BAPTISTA DE MELO;FLAVIANO MELO;Engenheiro Civil;M;3f04a87ddb6df6fb86a2b9fa00a7f842;f352f530-3c73-47f0-9a58-ad11b7636d71
;1971-07-23;dep.luistibe@camara.gov.br;160510;LUIS HENRIQUE DE OLIVEIRA RESENDE;LUIS TIBÉ;;M;0da6ce9a50001dfdc6ac318c1d62cbb1;460f04c4-8858-494b-aea6-95cf7c214284
;1948-10-26;dep.magdamofatto@camara.gov.br;166402;MAGDA MOFATTO HON;MAGDA MOFATTO;;F;88d37f2042927958ccf5876896692a01;0ffb645e-819a-4ae9-808d-535d5b27151b
;1969-07-23;dep.luciomosquini@camara.gov.br;178954;LUCIO ANTONIO MOSQUINI;LUCIO MOSQUINI;Engenheiro Eletricista;M;ec1dd006836554159961a63a8c81e3a5;1e0d7924-f4a4-4a7e-a1f9-f1830f84b0d4
;1954-07-06;dep.terezacristina@camara.gov.br;178901;TEREZA CRISTINA CORREA DA COSTA DIAS;TEREZA CRISTINA;Engenheiro Agrônomo;F;64821e340e16e48cc582ac0d6c933fbe;42c1369d-a6cc-495f-a2c2-43019eaebdc4
;1956-09-28;dep.keikoota@camara.gov.br;160659;IOLANDA KEIKO MIASHIRO OTA;KEIKO OTA;;F;11f9b717dc005fcb712a52ee0417fa40;8860ea19-9ba8-470a-a189-d2d8828fd5d9
;1970-10-20;dep.indiodacosta@camara.gov.br;141389;ANTONIO PEDRO INDIO DA COSTA;INDIO DA COSTA;Advogado(a);M;50e64bca91f6d6cc5e785ec0fc75e78b;91e508be-bab8-4686-bc32-2c5178405167
;1974-03-10;dep.jeanwyllys@camara.gov.br;160672;JEAN WYLLYS DE MATOS SANTOS;JEAN WYLLYS;;M;a4510d8c98e826dbff8ddadeee92c86e;38710255-5997-416d-81c0-40fe0a0d4d6d
;1980-08-02;dep.hissaabrahao@camara.gov.br;178849;HISSA NAGIB ABRAHAO FILHO;HISSA ABRAHÃO;Comerciante;M;d226d6f24870ca6ea150d419a06ce8db;1f280d01-d8cf-4917-a7f3-9ff25cafa152
;1966-04-25;dep.ronaldonogueira@camara.gov.br;163321;RONALDO NOGUEIRA DE OLIVEIRA;RONALDO NOGUEIRA;;M;5424af20bb6f5090aa90f5574cacae04;1d1f71df-1d70-4572-a193-27a5bce7ca99
;1987-04-08;dep.lucasvergilio@camara.gov.br;178879;LUCAS DE CASTRO SANTOS;LUCAS VERGILIO;Administrador de Empresas, Corretor de Seguros;M;db3a4ed05a88fd116a20568718cffaa2;d268104c-8723-4cd4-9a3f-76bf4a84ab15
;1946-08-09;dep.jomoraes@camara.gov.br;141503;MARIA DO SOCORRO JÔ MORAES;JÔ MORAES;;F;eedde288fef3250fd161023f0450d546;a4f94777-a483-42f3-9d6f-30ff8f4c4403
;1947-03-11;dep.carlosmelles@camara.gov.br;74651;CARLOS DO CARMO ANDRADE MELLES;CARLOS MELLES;;M;71ff4225a84ccbb283c920cd6d4a9e2c;707aca81-93f3-4f3b-b63b-9f3396c888db
;1971-03-13;dep.sergiosouza@camara.gov.br;178933;SERGIO DE SOUZA;SERGIO SOUZA;Advogado(a);M;8a9650673b8a4ff82b4a8be4075d97ed;31427988-c94e-403f-a1bf-13fd79af36c1
;1957-08-15;dep.erikakokay@camara.gov.br;160575;ÉRIKA JUCÁ KOKAY;ERIKA KOKAY;;F;087dca1a0649c9b96ed4c4f0f6a19bd0;bff6973c-2507-47b5-bf7e-d24c70384878
;1969-06-14;dep.marcioalvino@camara.gov.br;178983;MARCIO LUIZ ALVINO DE SOUZA;MARCIO ALVINO;Administrador;M;110d04e6dcb06a0836b3a62bdb647522;27f81387-14e1-4c10-b948-a4d6522f93e7
;1955-03-21;dep.jairbolsonaro@camara.gov.br;74847;JAIR MESSIAS BOLSONARO;JAIR BOLSONARO;;M;a97cbda4c2e19495b395b1d7b8dd23ed;9547acf2-43bd-4ec7-969a-ce12931e4a8a
;1950-08-01;dep.heraclitofortes@camara.gov.br;97707;HERÁCLITO DE SOUSA FORTES;HERÁCLITO FORTES;Servidor Público;M;12dc2bacf63152929ecdad209a1715f5;091b856c-4df6-40b8-a9bf-d29edcec8a89
;1970-12-17;dep.giacobo@camara.gov.br;74383;FERNANDO LÚCIO GIACOBO;GIACOBO;;M;7b666f6f22b66fdbe709c4cdcc8a3816;b2786713-7e5a-4740-9f05-ee6716355f28
;1973-04-18;dep.danrleidedeushinterholz@camara.gov.br;160552;DANRLEI DE DEUS HINTERHOLZ;DANRLEI DE DEUS HINTERHOLZ;;M;5a26dd700b622c1965ace105b62401a8;c95cdeb0-460d-41d3-8b2e-4ba02c0f08ac
;1963-03-31;dep.carlossampaio@camara.gov.br;74262;CARLOS HENRIQUE FOCESI SAMPAIO;CARLOS SAMPAIO;;M;1a29541fdb3a68356675befa93997fc0;be6c0186-912b-4257-be09-b39eb4570016
;1960-12-27;dep.nelsonpellegrino@camara.gov.br;74571;NELSON VICENTE PORTELA PELLEGRINO;NELSON PELLEGRINO;Advogado(a);M;08800a06fe7b8aa9729dd02ed4de4aab;8c944721-9739-4445-ae2a-960acf33a0b7
;1959-09-21;dep.franciscofloriano@camara.gov.br;160677;FRANCISCO FLORIANO DE SOUSA SILVA;FRANCISCO FLORIANO;;M;6deaada6117c2c5f1130e626f85eeab7;8cb35983-74e0-413f-aa65-96ca49ca6361
;1970-07-17;dep.venezianovitaldorego@camara.gov.br;178913;VENEZIANO VITAL DO RÊGO SEGUNDO NETO;VENEZIANO VITAL DO RÊGO;Advogado(a);M;d39b89ee6c26dc7ef6f0437c1f9b70fd;11ca38d7-57e5-42ef-8b4e-bab13fdd6f55
;1958-10-29;dep.pepevargas@camara.gov.br;141445;GILBERTO JOSÉ SPIER VARGAS;PEPE VARGAS;;M;ce192ddd042a47f1eeb12ba2ce416e65;c45b1894-4592-4e40-9268-3f3d70ac4eac
;1969-06-20;dep.betofaro@camara.gov.br;141335;JOSÉ ROBERTO OLIVEIRA FARO;BETO FARO;;M;f4fd53b027d5869276d82ee1df6f7983;617e0075-5ddb-49d4-a57e-5e01afef673e
;1952-12-02;dep.daminapereira@camara.gov.br;178892;DAMINA DE CARVALHO PEREIRA;DÂMINA PEREIRA;Filósofo;F;a837183abda57bed6ffd5f2c4458d5e0;09db5c16-c4ac-41d4-b475-e5e8bc274b3d
;1969-10-28;dep.givaldovieira@camara.gov.br;178872;GIVALDO VIEIRA DA SILVA;GIVALDO VIEIRA;Advogado(a);M;26760773a1c14c895666cb267ab4d7f9;b5095c86-5a6e-4dc1-9706-02b0b73bd7fc
;1985-04-11;dep.vicentinhojunior@camara.gov.br;137070;VICENTE ALVES DE OLIVEIRA JUNIOR;VICENTINHO JÚNIOR;Empresário;M;c2344d9eade583657290c38214ee0540;b0906642-28dd-413a-8d6a-94450be9aa76
;1960-04-11;dep.juliamarinho@camara.gov.br;67312;JULIA MARIA GODINHO DA CRUZ MARINHO;JÚLIA MARINHO;Administrador Público;F;3c88805a8a2ff3c8786d33a23b6471cc;4df1b3e0-2eb1-4ef1-b28d-33a48f60e388
;1991-05-07;dep.marcoantoniocabral@camara.gov.br;178942;MARCO ANTONIO NEVES CABRAL;MARCO ANTÔNIO CABRAL;Advogado(a);M;98c8a66c718b2557ccb5b6016ae2bb8b;eb11dc9d-03a7-4061-b4b7-fd3c1c40338e
;1962-03-25;dep.heitorschuch@camara.gov.br;178964;HEITOR JOSE SCHUCH;HEITOR SCHUCH;Agricultor Familiar;M;5c3338b2ef7f33b30d4a13886acb9773;c7d4fee6-1950-4af1-af97-f8d3c0e616a0
;1958-07-05;dep.cesarmessias@camara.gov.br;178838;CARLOS CESAR CORREIA DE MESSIAS;CÉSAR MESSIAS;Pecuarista;M;bbbd4a9bca5677a640bbadb95b2a69c1;3495f3fb-a145-468b-bba6-273718c1335f
;1948-03-12;dep.antonioimbassahy@camara.gov.br;160530;ANTONIO JOSÉ IMBASSAHY DA SILVA;ANTONIO IMBASSAHY;;M;734e8973b6fbcf0fc75fe93e28e52c9f;de8cd968-9981-4bce-9d0e-db4596a949b1
;1955-02-14;dep.paulofreire@camara.gov.br;160558;PAULO ROBERTO FREIRE DA COSTA;PAULO FREIRE;;M;6b7fccac6e139e1fa9c076b39292aa05;fdc042f8-f6fb-418e-b4d6-985a55cc75a5
;1946-06-01;dep.silviotorres@camara.gov.br;73560;SILVIO FRANÇA TORRES;SILVIO TORRES;Empresário, Jornalista;M;4fb8e11af6dc8554aeede20735c16f58;17995238-51c3-4e6e-a84c-15df3313ce3a
;1978-06-10;dep.luizlaurofilho@camara.gov.br;178982;LUIZ LAURO FERREIRA FILHO;LUIZ LAURO FILHO;Publicitário;M;0c143cc423f305a407035f99adeb9311;9093aa32-6bef-48be-be07-d6d804600081
;1989-08-21;dep.brunny@camara.gov.br;178999;BRUNIELE FERREIRA GOMES;BRUNNY;;F;6fb66fb5c74bbae14b02e7a049aa2a71;64b6cbb8-4b49-4e6d-b71f-72d8b50041f7
;1953-01-27;dep.rogeriopeninhamendonca@camara.gov.br;160651;ROGÉRIO MENDONÇA;ROGÉRIO PENINHA MENDONÇA;;M;1798f18e801408696d9337c401f7d44e;121ab22a-a56d-4f09-a57d-c4763c2f4ed1
;1948-08-25;dep.juliocesar@camara.gov.br;74317;JÚLIO CÉSAR DE CARVALHO LIMA;JÚLIO CESAR;;M;034f31617165f6372b5a661b47ace134;8a6627c1-028c-4fb3-a4ba-51496ee3da34
;1958-07-06;dep.joaogualberto@camara.gov.br;178856;JOAO GUALBERTO VASCONCELOS;JOÃO GUALBERTO;;M;f4ee46cae841fddf4829ede7d13e9f1c;82ecc1e7-33b0-4ea5-a23f-980305e1eec5
;1983-10-23;dep.danielvilela@camara.gov.br;144523;DANIEL ELIAS CARVALHO VILELA;DANIEL VILELA;;M;20b3176ae9f777ee3f98d2a049d65667;4997bafb-28be-4115-82b7-20cdeba6c064
;1954-06-04;dep.alceumoreira@camara.gov.br;160559;ALCEU MOREIRA DA SILVA;ALCEU MOREIRA;;M;de9152db4694ebada93c83ea47e7c643;b914f4a9-53c7-4bf6-907d-163f4e2bd5ff
;1968-10-23;dep.rocha@camara.gov.br;178840;WHERLES FERNANDES DA ROCHA;ROCHA;Jornalista, Oficial da Polícia Militar;M;6fa5e0e3a1def8c1a9aa27ac5c181ebc;6a3e50a5-3fbf-4ce6-ac8b-730f119e2c93
;1939-08-13;dep.chicolopes@camara.gov.br;141440;FRANCISCO LOPES DA SILVA;CHICO LOPES;;M;f10e266998c5867d5357b6e676078cfa;5b00fe5c-6b1b-4793-af2c-c2e809c63531
;1982-02-01;dep.betorosado@camara.gov.br;178948;CARLOS ALBERTO DE SOUSA ROSADO SEGUNDO;BETO ROSADO;Agrônomo;M;ce6bd9c28bbfddce8f1bfecce219e0d5;dd2ef812-79ff-40f3-b2f7-c6e988539c7e
;1958-08-28;dep.pedrochaves@camara.gov.br;74812;PEDRO PINHEIRO CHAVES;PEDRO CHAVES;;M;f67ba81ced6747dc5aaf2ad8101a1a0c;f41b5d90-f8b9-40b4-856d-17bedc8659b2
;1952-01-04;dep.ediolopes@camara.gov.br;141417;ÉDIO VIEIRA LOPES;EDIO LOPES;;M;de93b601de0365466b1e17709cabdfd7;391291b2-5869-4ace-b6c0-0e024f2402ea
;1964-10-01;dep.professoradorinhaseabrarezende@camara.gov.br;160639;MARIA AUXILIADORA SEABRA REZENDE;PROFESSORA DORINHA SEABRA REZENDE;;F;1b3bc50dd4c412d9a82c652030d401cd;e966c8d5-14c6-4d9a-901f-9b26a05fd30e
;1953-11-03;dep.lincolnportela@camara.gov.br;74585;LINCOLN DINIZ PORTELA;LINCOLN PORTELA;;M;073e5bc96cc31b2abd9d0cd54737475a;9cef2807-5fae-4b4d-bcec-0ba569a4cf71
;1957-05-08;dep.sergiovidigal@camara.gov.br;178874;ANTONIO SERGIO ALVES VIDIGAL;SERGIO VIDIGAL;;M;10c5ff44592fc3cdf53212cae5545892;cb1e4f72-94cb-49ba-8cf1-3ebd5853e3a9
;1959-11-27;dep.misaelvarella@camara.gov.br;178895;MISAEL ARTUR FERREIRA VARELLA;MISAEL VARELLA;Empresário;M;3cd3a1580bf702ba923912032425884e;b8ff65ec-37b1-4fcc-b2bf-b8d2e36a67c2
;1945-05-27;dep.miroteixeira@camara.gov.br;74862;MIRO TEIXEIRA;MIRO TEIXEIRA;Advogado(a), Jornalista;M;d8fdeba183719042bd5cddcd4607f014;e9d6a119-35ba-425f-829a-bb5098b80044
;1971-05-20;dep.erosbiondini@camara.gov.br;160640;EROS FERREIRA BIONDINI;EROS BIONDINI;;M;7ff6598734c8cb7cc6acb03053a6f393;357fdb32-714d-4274-a9ee-7e5e7428dedd
;1969-02-25;dep.nilsonleitao@camara.gov.br;166401;NILSON APARECIDO LEITÃO;NILSON LEITÃO;;M;43cc9637bd7f314d17a6c8c1fb2b3884;88918775-7a88-4404-b248-84bcf826bfd7
;1948-04-20;dep.takayama@camara.gov.br;74385;HIDEKAZU TAKAYAMA;TAKAYAMA;;M;40e78fab3a3c34514f9cbc78e9c4d496;e04dd999-e65b-4144-8b8c-db0f19934961
;1977-04-15;dep.fabioreis@camara.gov.br;171623;FABIO DE ALMEIDA REIS;FABIO REIS;;M;5be032efc24d77c932baee98fb21887d;63423bd8-f5af-4499-9438-edf0b07b2fce
;1975-12-20;dep.leandre@camara.gov.br;178832;LEANDRE DAL PONTE;LEANDRE;Engenheiro Civil;F;0bb7142d09ba0bac056e48f188b9709a;a5f1b406-dfe0-461c-ab71-f2db81272d3c
;1963-12-01;dep.claudiocajado@camara.gov.br;74537;CLÁUDIO CAJADO SAMPAIO;CLAUDIO CAJADO;;M;a274c94fa41c164b567cb977c3108ea2;c71cdadd-3d6f-4275-8f35-517319b31fa3
;1984-10-10;dep.diegogarcia@camara.gov.br;178929;DIEGO ALEXSANDER GONCALO PAULA GARCIA;DIEGO GARCIA;Administrador;M;0b46925f1e5e56fa9c23614bccbdab9a;f324f699-b0c6-4030-a3f1-4e952b0e16cc
;1965-03-19;dep.paulopimenta@camara.gov.br;74400;PAULO ROBERTO SEVERO PIMENTA;PAULO PIMENTA;;M;08e7e45b4c884b21445180d6dfd10c80;304286d9-8dbd-4d2a-9e49-cc7dad308b2d
;1952-04-28;dep.damiaofeliciano@camara.gov.br;74467;DAMIÃO FELICIANO DA SILVA;DAMIÃO FELICIANO;;M;8df93f3cc8baf31d756761a101841df3;ada9a116-b660-475f-b3aa-8e172d79e8a7
;1956-07-15;dep.jorginhomello@camara.gov.br;160509;JORGINHO DOS SANTOS MELLO;JORGINHO MELLO;;M;c13e21677df3a179cf3e76b3348d5865;f8d8ca4f-8fc8-46cc-b1e4-e3bf24879eec
;1946-07-05;dep.ivanvalente@camara.gov.br;73531;IVAN VALENTE;IVAN VALENTE;;M;16e4d42603c81f503f2297065e5567b4;cc525bc6-3b63-4090-9f6a-312c6a3dd2ab
;1978-06-06;dep.mosesrodrigues@camara.gov.br;178997;MOSES HAENDEL MELO RODRIGUES;MOSES RODRIGUES;Administrador, Professor de Geografia, Professor de História;M;6c1ea9d49ab4b1e9d83b165b04e19633;f1ba4d2e-c0c9-4c3d-81a2-78eb58fd66f1
;1970-07-06;dep.elmarnascimento@camara.gov.br;178854;ELMAR JOSE VIEIRA NASCIMENTO;ELMAR NASCIMENTO;Advogado(a);M;941768cf0fd7b958547ffcf51b1a545c;8c047af9-447b-448e-8c5a-948ea97ddd44
;1972-12-19;dep.joaopaulokleinubing@camara.gov.br;178967;JOAO PAULO KARAM KLEINUBING;JOÃO PAULO KLEINÜBING;Administrador, Historiador;M;c92ce0769ee05751505613ad5a6a9517;bded5352-f67e-41b2-932b-433ac366ae90
;1966-12-27;dep.rosangelagomes@camara.gov.br;178945;ROSANGELA DE SOUZA GOMES;ROSANGELA GOMES;Auxiliar de Administração, Auxiliar de Enfermagem, Bacharel  em Direito, Político;F;d02a99e9f99c5692d613db26baf6f9c2;d8932bf5-fb65-4b30-bde0-a6f31ffe5f8e
;1983-04-28;dep.brunafurlan@camara.gov.br;160589;BRUNA DIAS FURLAN;BRUNA FURLAN;;F;5cc40832e037ae48672c6f8e3571cc3e;27c467f0-fc1c-425d-8d5d-cde477187972
;1960-04-22;dep.hildorocha@camara.gov.br;178884;HILDO AUGUSTO DA ROCHA NETO;HILDO ROCHA;Administrador;M;780952df725a1253b78174a0b05f5513;783aba9d-5dac-4dcb-9f17-8eaf13e9246f
;1960-11-23;dep.marinharaupp@camara.gov.br;74177;MARINHA CÉLIA ROCHA RAUPP DE MATOS;MARINHA RAUPP;;F;075c8c8d2b619d144b1737e94bd55560;5439acbd-9d90-45a3-bda6-d99e38b17fed
;1942-04-26;dep.beneditadasilva@camara.gov.br;73701;BENEDITA SOUZA DA SILVA SAMPAIO;BENEDITA DA SILVA;Assistente Social, Auxiliar de Enfermagem, Professor(a), Servidor Público;F;7640b6ed7ac6123c9016ee426aa357e6;156cf574-6c49-49bf-8892-789252ea57d5
;1962-02-05;dep.bohngass@camara.gov.br;160538;ELVINO JOSÉ BOHN GASS;BOHN GASS;;M;9c16da3d12257ebdbaa7b24fe51e5ec0;8add4160-bf2e-4a82-83e4-3e3708d3ea16
;1948-01-26;dep.dilceusperafico@camara.gov.br;73768;DILCEU JOÃO SPERAFICO;DILCEU SPERAFICO;;M;8b51d05479003d2e33dc297e54537e21;4a53b3dc-a9a7-4bd7-998f-c64a8b085a72
;1950-06-09;dep.marcelocastro@camara.gov.br;74460;MARCELO COSTA E CASTRO;MARCELO CASTRO;;M;6b931693f956a323caef2c355cbb761b;83bd933c-132f-4233-91e3-a7fadc3f5f65
;1949-10-19;dep.chicoalencar@camara.gov.br;74171;FRANCISCO RODRIGUES DE ALENCAR FILHO;CHICO ALENCAR;;M;f4f5f8748638fda9054570ecdca66e4d;921b24f6-224b-4e95-8b82-8df6509df009
;1970-11-10;dep.andreabdon@camara.gov.br;178831;ANDRE DOS SANTOS ABDON;ANDRÉ ABDON;Engenheiro Florestal;M;f0091e199c5f753b034d129cd22eb76d;cc697dda-d339-4ea1-a022-12c6927492da
;1980-09-11;dep.evandrogussi@camara.gov.br;178828;EVANDRO HERRERA BERTONE GUSSI;EVANDRO GUSSI;Advogado(a), Professor Universitário;M;7e7323fb5accd67cbad79fbc4cd9f321;53feb168-8724-4890-b033-ca02194d1244
;1962-04-25;dep.afonsohamm@camara.gov.br;136811;JOSÉ ALFONSO EBERT HAMM;AFONSO HAMM;;M;5de584aa861a023b8022f2d89ade4bc9;2b70798a-6799-45ee-9aa1-5ad74db6c777
;1988-04-29;dep.domingosneto@camara.gov.br;143632;DOMINGOS GOMES DE AGUIAR NETO;DOMINGOS NETO;;M;9d918fdd11e20460d55b5d0f12396af3;69758310-d613-4c35-a2e6-d46f22c755fa
;1957-06-19;dep.hirangoncalves@camara.gov.br;178959;HIRAN MANUEL GONCALVES DA SILVA;HIRAN GONÇALVES;Médico Legista, Médico(a);M;d63b1a46ce45c8cedf7b78860d393703;19aa40fd-365b-444c-aa15-1202a52d58e4
;1971-11-24;dep.valtenirpereira@camara.gov.br;141552;VALTENIR LUIZ PEREIRA;VALTENIR PEREIRA;;M;719054fd4c37bf24f18e74664bfad1fa;568d7a8a-555a-4879-b6a1-0829fbb6a346
;1964-11-30;dep.mandetta@camara.gov.br;160633;LUIZ HENRIQUE MANDETTA;MANDETTA;;M;ba22a03c5c5d9cac52fac5ccc65cf602;314eb06d-e2f6-45b7-9c15-46261a2fd6b3
;1955-05-26;dep.zecarlos@camara.gov.br;178889;JOSÉ CARLOS NUNES JÚNIOR;ZÉ CARLOS;Engenheiro Civil;M;934122be59fb4bd14f5193e8387f86df;46252701-0442-4714-8124-a216e40a2c8e
;1955-11-07;dep.alfredokaefer@camara.gov.br;141454;JACOB ALFREDO STOFFELS KAEFER;ALFREDO KAEFER;;M;f920b94a5dba2041a84eba2b9b201cf0;d5b243c3-9ab7-447a-9441-35ac5c3c07f2
;1957-08-07;dep.carlosmanato@camara.gov.br;74163;CARLOS HUMBERTO MANNATO;CARLOS MANATO;;M;70150cbf333468fd2ed0bb5322d13f4d;fa4e4445-3d8f-44bb-bb76-d5192ff27f12
;1978-02-06;dep.heulercruvinel@camara.gov.br;160596;HEULER ABREU CRUVINEL;HEULER CRUVINEL;;M;6ace5ec16595e56210cb85b5ef0e5bc3;58e2bf6c-84fb-41f3-84c9-76d8b556cfaa
;1982-08-02;dep.rodrigomartins@camara.gov.br;178926;RODRIGO RODRIGUES DE SOUZA MARTINS;RODRIGO MARTINS;Cirurgião-Dentista;M;1dd186dcd97d591dd15733e4be3bc488;0a1eab97-349d-4945-8a03-0d9575cca758
;1974-02-12;dep.betosalame@camara.gov.br;178906;ROBERTO SALAME FILHO;BETO SALAME;;M;ebad827ac9a4a4fb0ab0c06fdddc6f71;0883c069-eed6-4bdc-86e4-e8bfac314057
;1961-05-06;dep.pauloteixeira@camara.gov.br;141488;LUIZ PAULO TEIXEIRA FERREIRA;PAULO TEIXEIRA;;M;8f96cb1fec49dfa1358c7ffd9006f47a;4e7ea6df-9a61-490a-a62c-049731ff032a
;1965-12-27;dep.marcomaia@camara.gov.br;133373;MARCO AURÉLIO SPALL MAIA;MARCO MAIA;;M;9cb847fc752a8d38de1771ccdfc1f93a;1e34af7b-f9b9-4e7b-90fe-8956a4429e2d
;1949-03-02;dep.pedrofernandes@camara.gov.br;74449;PEDRO FERNANDES RIBEIRO;PEDRO FERNANDES;;M;f6207ec8897459dbeecfdfac959b7b89;e8e43a34-788b-45ca-a4a4-3e6c2f1a8787
;1956-12-23;dep.silviocosta@camara.gov.br;4930;SÍLVIO SERAFIM COSTA;SILVIO COSTA;;M;0dd8773aa78eda35c4b0bd70ccdbc57e;f388a2cf-b8f6-4d72-be3c-9c896a0d6fc5
;1978-05-15;dep.vitorvalim@camara.gov.br;178869;VITOR PEREIRA VALIM;VITOR VALIM;;M;3e4894b19d8f06218e9ceed4554e7fff;7587cabe-07b7-4475-84ff-fba22ed42a3a
;1944-05-27;dep.josuebengtson@camara.gov.br;74351;JOSUÉ BENGTSON;JOSUÉ BENGTSON;;M;e4330a2f737ec6e18104ab4dc98c6eb8;c8ed10a3-15de-4c91-9dbc-c19048c83668
;1966-01-07;dep.viniciuscarvalho@camara.gov.br;141555;VINICIUS RAPOZO DE CARVALHO;VINICIUS CARVALHO;Administrador de Empresas, Advogado(a), Jornalista, Radialista;M;9b358627ce5254ee430d89bdedccc3bc;d9321175-2a53-41ac-9a86-202532ea2cfe
;1962-10-06;dep.carmenzanotto@camara.gov.br;164360;CARMEN EMÍLIA BONFÁ ZANOTTO;CARMEN ZANOTTO;;F;df4015fb313f738caf4d49d60f70bf26;f6ee0e23-47cc-48bb-a324-529d3cc55905
;1958-07-12;dep.pompeodemattos@camara.gov.br;73486;DARCI POMPEO DE MATTOS;POMPEO DE MATTOS;Advogado(a), Bancário;M;6a8b265a2f7db33991a7e02e9cfff2ef;b50518b3-8415-4aa4-893e-2bf660c0e200
;1966-01-01;dep.conceicaosampaio@camara.gov.br;178848;MARIA DA CONCEICAO SAMPAIO MOURA;CONCEIÇÃO SAMPAIO;Radialista;F;5200647462a344b4c72c75c35c4e6a70;985b8ab2-ea81-4c05-8583-a497a70de41b
;1986-11-26;dep.marianacarvalho@camara.gov.br;178956;MARIANA FONSECA RIBEIRO CARVALHO DE MORAES;MARIANA CARVALHO;Bacharel em Direito, Médico(a);F;d5719ef2d0e1961f697c066c704de96d;343dc898-b848-4130-93ba-03fdb931ff26
;1951-02-23;dep.dr.sinvalmalheiros@camara.gov.br;178830;SINVAL MALHEIROS PINTO JÚNIOR;DR. SINVAL MALHEIROS;;M;d082a74b05ba59ce81514ca44da3cae5;43a0bfe7-94a9-4214-8037-604229fd31b4
;1956-02-05;dep.adiltonsachetti@camara.gov.br;178903;ADILTON DOMINGOS SACHETTI;ADILTON SACHETTI;Arquiteto;M;d2488aea4c792db37a71ef88be6c75f7;f3f2d5e3-8106-4a16-aebe-905f54f0d139
;1966-07-21;dep.zecacavalcanti@camara.gov.br;178923;JOSE CAVALCANTI ALVES JUNIOR;ZECA CAVALCANTI;;M;546804b5244064793ebba9f31e976bff;91722c0f-1200-4f15-a37d-fb7a880ce789
;1955-02-25;dep.ezequielteixeira@camara.gov.br;178941;EZEQUIEL CORTAZ TEIXEIRA;EZEQUIEL TEIXEIRA;Advogado(a);M;238f3c270e605fd830968816ef771dcf;2c6c5cfb-4bcd-4dac-8f5c-9fff3b16ac06
;1950-01-08;dep.afonsomotta@camara.gov.br;178835;AFONSO ANTUNES DA MOTTA;AFONSO MOTTA;Advogado(a);M;0eca4711b6022ab099135f54dfe60590;161f6160-80d0-4b9a-891a-8312bf79964b
;1961-04-21;dep.carloshenriquegaguim@camara.gov.br;178993;CARLOS HENRIQUE AMORIM;CARLOS HENRIQUE GAGUIM;;M;7925fc63ca78219d75eda048cb3e9636;24930033-428d-40e6-a216-6a4d8f1a4c04
;1968-05-05;dep.antoniobulhoes@camara.gov.br;141383;ANTONIO CARLOS MARTINS DE BULHÕES;ANTONIO BULHÕES;;M;f385acd8b8d64666bf44d417fb53ccdb;5f00b0db-3fc0-4b54-bb5c-bfde1271826b
;1971-03-28;dep.mauricioquintellalessa@camara.gov.br;74050;MAURÍCIO QUINTELLA MALTA LESSA;MAURÍCIO QUINTELLA LESSA;;M;cda73e39f5a065ad9afb20900a857226;f6c234ef-e4b7-47e8-8a04-3df59bf00dfa
;1963-03-10;dep.pedrouczai@camara.gov.br;160604;PEDRO FRANCISCO UCZAI;PEDRO UCZAI;;M;321802179689ac978235e286f191088c;c54f736f-da1a-41d7-a1ee-0e7fd9e0edf5
;1951-05-09;dep.jorgecortereal@camara.gov.br;160572;JORGE WICKS CÔRTE REAL;JORGE CÔRTE REAL;;M;21cfe36551f480fe9a985d9e46593127;44092a3e-7650-496f-a091-bd07edb26fef
;1963-06-21;dep.pauloabiackel@camara.gov.br;141516;PAULO ABI-ACKEL;PAULO ABI-ACKEL;Advogado(a);M;657abb02ed52ac2b3c88271820f8c39c;8f386c85-d6dc-4df0-83a3-15e2613558f8
;1936-05-24;dep.maurolopes@camara.gov.br;74749;MAURO RIBEIRO LOPES;MAURO LOPES;;M;1c331b867a18e1ba7b5305e771052cb4;131b9d74-5c15-4dac-9761-3560eb0665ee
;1957-09-12;dep.luizfernandofaria@camara.gov.br;141487;LUIZ FERNANDO RAMOS FARIA;LUIZ FERNANDO FARIA;;M;0477ca3050c822e5b7326166839c6af3;962e9f3b-f383-4d85-9281-a6d9d85fbde7
;1983-06-06;dep.gabrielguimaraes@camara.gov.br;129037;GABRIEL GUIMARÃES DE ANDRADE;GABRIEL GUIMARÃES;;M;0ef078f0b92d1c9e7d08ca8e35ce892f;3eab600d-4b20-4764-85f0-646dff5db76d
;1976-05-22;dep.joaoarruda@camara.gov.br;160573;JOÃO JOSÉ DE ARRUDA JÚNIOR;JOÃO ARRUDA;;M;940042b910192a5427453493232e8b11;a2d363d5-e3ff-4dfb-8ef8-d6773a583e1b
;1962-06-09;dep.bebeto@camara.gov.br;178834;ADALBERTO SOUZA GALVÃO;BEBETO;;M;e82f4f7b33df6acd462238263fa77842;3206b50c-9649-4c52-91b0-7422aa27aa1c
;1951-04-03;dep.robertobritto@camara.gov.br;141529;ROBERTO PEREIRA DE BRITTO;ROBERTO BRITTO;;M;bbe5b72ef1b59ede478dbe63e7f76c19;8777decd-f4b3-440b-a070-b8818934a3d8
;1972-06-09;dep.baleiarossi@camara.gov.br;178975;LUIZ FELIPE BALEIA TENUTO ROSSI;BALEIA ROSSI;Empresário;M;d4d31f7fb4c5e096bd6724ce681a14c8;f294acdc-4675-41e5-9207-57171f5e18b4
;1984-11-06;dep.juscelinofilho@camara.gov.br;178886;JOSE JUSCELINO DOS SANTOS REZENDE FILHO;JUSCELINO FILHO;Empresário, Médico(a);M;d365b0d59e74749f7d0ce2082bd2303c;6087f0cd-dc13-48f6-929e-31e9df74c012
;1969-01-17;dep.antoniobrito@camara.gov.br;160553;ANTONIO LUIZ PARANHOS RIBEIRO LEITE DE BRITO;ANTONIO BRITO;;M;d734ba0e976ad4ae7ea818e58b9a0d7b;dfb9e9d8-d30b-4110-93fa-b9614d14e947
;1960-05-28;dep.macedo@camara.gov.br;178867;JOSE MARIA MACEDO JUNIOR;MACEDO;Empresário;M;2babd3af181a4ea8c24d50098ce11aa0;dd5e226d-3f6c-42b5-918c-bddd32d014a4
;1944-05-24;dep.robertobalestra@camara.gov.br;73674;ROBERTO EGÍDIO BALESTRA;ROBERTO BALESTRA;;M;109a32f34c2d6493352547d01e3ac1d4;05838a0e-13d8-478a-89bb-592d78142727
;1963-07-11;dep.adailcarneiro@camara.gov.br;178864;JOSE ADAIL CARNEIRO SILVA;ADAIL CARNEIRO;;M;b70e29bff2f58e1fd864048e4beb5ec1;15769341-5fa4-4bda-9d3c-54cd003c2749
;1966-11-10;dep.andrefigueiredo@camara.gov.br;133439;ANDRÉ PEIXOTO FIGUEIREDO LIMA;ANDRÉ FIGUEIREDO;;M;bc77111f8fa874d4ce30c88bbf87e5d6;bd34c62f-91c8-4855-9e15-2cedf1d5c931
;1957-05-26;dep.edmilsonrodrigues@camara.gov.br;134812;EDMILSON BRITO RODRIGUES;EDMILSON RODRIGUES;Professor(a);M;d9bf6fe442672e12269460b42f2cb90b;d22e94d6-5bd8-4a56-a048-1c0c9552ae25
;1957-03-25;dep.domingossavio@camara.gov.br;160758;DOMINGOS SÁVIO CAMPOS RESENDE;DOMINGOS SÁVIO;;M;26027efd249f7e4d66a7538c07f5be6f;a3503bc9-11bc-4e74-aa77-817d5e0e297e
;1959-02-13;dep.joseguimaraes@camara.gov.br;141470;JOSÉ NOBRE GUIMARÃES;JOSÉ GUIMARÃES;;M;a8c19a4ea2b5a75fb4987e9b33a02d92;560ef089-6c53-4990-b2b1-9fd4eae9cb76
;1940-06-23;dep.sergioreis@camara.gov.br;178991;SERGIO BAVINI;SÉRGIO REIS;Cantor;M;c719b326f3e6b8f651b87e8f115c7cab;342a8276-50da-46be-9228-537a00874bef
;1987-06-12;dep.marceloaro@camara.gov.br;146788;MARCELO GUILHERME DE ARO FERREIRA;MARCELO ARO;Jornalista;M;3d8c9996fc2e529c6a2c50d5506a56c7;10c5166f-8342-435e-b251-c6743076e0ac
;1978-12-26;dep.felipebornier@camara.gov.br;141430;FELIPE LEONE BORNIER DE OLIVEIRA;FELIPE BORNIER;;M;3e16bcff990faf918120f2b61bcf105a;c13905e3-c4aa-4b95-96de-4c6a79c355f6
;1967-09-14;dep.marcelosquassoni@camara.gov.br;118594;MARCELO SQUASSONI;MARCELO SQUASSONI;Bacharel em Direito;M;57c41ef21c00df4eafa73e73b5ecfe61;fc7a41eb-e480-4a30-9e2c-5ac0c058df8a
;1979-08-22;dep.alexmanente@camara.gov.br;178972;ALEX SPINELLI MANENTE;ALEX MANENTE;Bacharel  em Direito;M;95790d526cceac0ff7d0947aa429a486;872129c1-c736-4388-9a5b-f5396b80b146
;1955-01-03;dep.jorgetadeumudalen@camara.gov.br;73535;JORGE TADEU MUDALEN;JORGE TADEU MUDALEN;;M;ba72072cde69568561b124f07836c834;8006ad37-bc66-4b30-abb4-b3915c51dfda
;1958-08-25;dep.eduardobarbosa@camara.gov.br;74655;EDUARDO LUIZ BARROS BARBOSA;EDUARDO BARBOSA;;M;ed53efc37e0fb95f83f753d9ab2e67f5;46a5e0ba-6c76-4752-b82b-99b25008873a
;1965-10-18;dep.ricardoteobaldo@camara.gov.br;178920;RICARDO TEOBALDO CAVALCANTI;RICARDO TEOBALDO;;M;571a46da68a2dd4cf64a8f5f761a033d;b2068c04-dad3-4fe5-8bb3-5d1f28697945
;1959-09-19;dep.celiosilveira@camara.gov.br;178876;CELIO ANTONIO DA SILVEIRA;CÉLIO SILVEIRA;Médico(a);M;1a0625c920a8b41b3f0086957bfee416;734c1700-c77c-4be5-975d-56a2d6a99d1e
;1976-11-03;dep.rodrigopacheco@camara.gov.br;178897;RODRIGO OTAVIO SOARES PACHECO;RODRIGO PACHECO;Advogado(a);M;4e3a3fb1ca46b5f33c874ca4d073b663;9443d53d-e1d2-4a70-a198-3d2091dff56d
;1952-11-28;dep.paulomagalhaes@camara.gov.br;74574;PAULO SÉRGIO PARANHOS DE MAGALHÃES;PAULO MAGALHÃES;;M;c2dce304dd45feeba24c856a3d3ad621;69fbe0c4-da8f-4545-955e-2cf09a9a8568
;1962-05-26;dep.antoniojacome@camara.gov.br;178950;ANTONIO JACOME DE LIMA JUNIOR;ANTÔNIO JÁCOME;Advogado(a), Médico(a), Teólogo;M;894a58f2b700592ab6608ea9a3859ee5;1d275543-5039-4f0c-a446-64d8330dd4ab
;1979-08-22;dep.joaofernandocoutinho@camara.gov.br;178917;JOAO FERNANDO PONTUAL COUTINHO;JOÃO FERNANDO COUTINHO;;M;bcb329ffc9b79ced7f5075e11bd7bc59;73c1bbee-90d5-49e9-acf5-6a515de562c7
;1968-09-13;dep.altineucortes@camara.gov.br;178937;ALTINEU CÔRTES FREITAS COUTINHO;ALTINEU CÔRTES;Empresário;M;b9fea208134c8c4e1f82578803bcb948;7db45be7-f9f9-4d37-8d5a-26e54764cbb4
;1949-04-25;dep.ronaldolessa@camara.gov.br;178845;RONALDO AUGUSTO LESSA SANTOS;RONALDO LESSA;Engenheiro Civil;M;4230389313cf51b6d0b65e1641e48bd3;fb7a3b70-c24f-48b7-9a16-ac2303f70a12
;1952-03-26;dep.saraivafelipe@camara.gov.br;74762;JOSÉ SARAIVA FELIPE;SARAIVA FELIPE;;M;a0fc3f0cf0f134e5dbfd1338623b893b;7209fb39-3a25-4d05-a3f0-c0d7802c0670
;1978-06-21;dep.zecadirceu@camara.gov.br;160592;JOSÉ CARLOS BECKER DE OLIVEIRA E SILVA;ZECA DIRCEU;;M;36dd559fe2da0ffc1f44d3a02f071e1d;cf5bd656-96fa-43d6-b509-1493ca91da74
;1947-12-09;dep.josecarlosaleluia@camara.gov.br;74553;JOSÉ CARLOS ALELUIA COSTA;JOSÉ CARLOS ALELUIA;Engenheiro Elétrico, Professor Universitário;M;100005d24c826be0e1f52976aec76a09;2e6e8c4e-5c6c-4caa-8f2d-419d2e7dbd30
;1946-04-26;dep.gonzagapatriota@camara.gov.br;74419;LUIZ GONZAGA PATRIOTA;GONZAGA PATRIOTA;;M;fc92b34cc2f1b74953af3b184dcff2e4;8beacc68-f565-417c-b0c6-c7f4e3c8d548
;1958-07-28;dep.joaopaulopapa@camara.gov.br;178988;JOAO PAULO TAVARES PAPA;JOÃO PAULO PAPA;Engenheiro, Professor(a);M;dbe3e9b5c862394c98aff5b8dfbbe705;1d3dfcfc-7cb8-46ba-974c-b35142db9bbb
;1935-12-08;dep.simaosessim@camara.gov.br;73424;SIMÃO SESSIM;SIMÃO SESSIM;;M;e6950e7cf2a6f0ef63a594ad5e49a44f;8d2c65ef-caba-4baf-8560-f5a77697d46b
;1982-10-14;dep.guilhermemussi@camara.gov.br;160667;GUILHERME MUSSI FERREIRA;GUILHERME MUSSI;;M;a1a4e0cac6bbea6ed1032e68320e5007;a07ca203-8ac6-45f3-b6f2-618ff1099a23
;1948-05-23;dep.rubensbueno@camara.gov.br;73466;RUBENS BUENO;RUBENS BUENO;;M;c4485801ecca8295839fd6ad4c246882;73cc6c40-2f56-4829-8471-7a48bc3caa05
;1964-03-06;dep.cabucuborges@camara.gov.br;105112;LUIZ GIONILSON PINHEIRO BORGES;CABUÇU BORGES;Comunicador de Rádio, Economista;M;d9fe6c0ed154f7ce3d3df6347364a2cd;e1825246-79de-472f-8879-4cfb8f9de997
;1950-11-22;dep.atilalins@camara.gov.br;74090;ÁTILA SIDNEY LINS ALBUQUERQUE;ÁTILA LINS;;M;5c2d38915382aa0de66b437d97491556;d1a9c882-05d3-4cd6-b1ce-e92be7356dce
;1969-02-13;dep.aguinaldoribeiro@camara.gov.br;160527;AGUINALDO VELLOSO BORGES RIBEIRO;AGUINALDO RIBEIRO;;M;763cbe309ac7581476388a53524c117d;2650acb3-3df6-4640-9a5b-bec3d8c737a3
;1972-12-27;dep.luciovale@camara.gov.br;141484;LÚCIO DUTRA VALE;LÚCIO VALE;;M;eea74c5760f313e17b071430ef02051e;fa0c89ca-4193-4836-9939-af542827e1d8
;1960-01-05;dep.ronaldocarletto@camara.gov.br;178861;RONALDO CARLETTO;RONALDO CARLETTO;Empresário de Transporte;M;75de7a06dc5a7e3edc009d407c1bd6a9;fe7d2618-8325-486b-9a80-416036b3e970
;1961-11-11;dep.aluisiomendes@camara.gov.br;178881;ALUISIO GUIMARAES MENDES FILHO;ALUISIO MENDES;Funcionário Público Federal;M;b12648455fa547b956c227b72dee0be4;c633c11a-a28f-4583-b01a-344753b0d32a
;1959-08-28;dep.deley@camara.gov.br;74172;WANDERLEY ALVES DE OLIVEIRA;DELEY;;M;bfb64baa44327e99e1de8fa1b1ed66a0;1ee797b0-466f-45f9-854f-0cd370249c2c
;1950-12-18;dep.josenunes@camara.gov.br;160619;JOSÉ NUNES SOARES;JOSÉ NUNES;;M;93f13260ec8f61ebbad05c1e5e5a4dbe;5d5c500d-5bf6-4d0b-b48d-73cc230f4d6a
;1959-06-08;dep.carloszarattini@camara.gov.br;141398;CARLOS ALBERTO ROLIM ZARATTINI;CARLOS ZARATTINI;;M;c7fdb111874a5404f36f421943d468a1;20a13a66-4616-478a-bd5f-8641c9d860b5
;1963-04-11;dep.saguasmoraes@camara.gov.br;160630;SÁGUAS MORAES SOUSA;SÁGUAS MORAES;;M;90cc86650f3e53dc81de3df1cd32fa69;90a260a3-1728-468e-bb08-06f99f3334d9
;1977-02-24;dep.fabiomitidieri@camara.gov.br;178969;FABIO CRUZ MITIDIERI;FÁBIO MITIDIERI;;M;c7a46ad01549823f81660e1ec33a46d3;636a8cf1-2287-4694-9355-e6e2c71cc43f
;1954-04-28;dep.marcusvicente@camara.gov.br;74235;MARCUS ANTÔNIO VICENTE;MARCUS VICENTE;Advogado(a), Consultor de Empresas, Engraxate, Gestor Público, Gráfico, Jornaleiro, Representante Comercial, Secretário, Vendedor Autônomo;M;d73eb53527994b68120401ecdb74b55d;0a976b2f-2118-4d03-9103-525dbcf188a5
;1980-08-31;dep.marionegromontejr@camara.gov.br;178858;MARIO SILVIO MENDES NEGROMONTE JUNIOR;MÁRIO NEGROMONTE JR.;Bacharel em Direito;M;aa8bddf5d0e2cae0e6700f5932354224;f115684f-5965-490e-a4e3-3f86401b8929
;1957-01-14;dep.giuseppevecci@camara.gov.br;178878;GIUSEPPE VECCI;GIUSEPPE VECCI;Economista;M;f7605c1716702d56c425194b9b49296a;a84c5cdf-fca7-4da2-8e55-da7f8344a677
;1964-01-29;dep.miguellombardi@camara.gov.br;178985;MIGUEL LOMBARDI;MIGUEL LOMBARDI;Corretor de Imóveis;M;d8e02f3e991b05e1ec87cca8c1d735bb;a49c70d2-73ef-4f1d-9a3e-486a3fc24829
;1961-07-29;dep.otavioleite@camara.gov.br;141515;OTAVIO SANTOS SILVA LEITE;OTAVIO LEITE;;M;010f1a0f5aa4c9648a4b6989644ceffb;812238fb-3537-44d5-a0ff-80fc49a451c1
;1968-08-30;dep.rogeriorosso@camara.gov.br;160426;ROGÉRIO SCHUMANN ROSSO;ROGÉRIO ROSSO;Advogado(a), Músico;M;7dd2b4ffa19a2798ef9fb9dbb5fa926d;0cc3043f-f8bc-4f2b-9594-7317f756f7bc
;1966-11-18;dep.juliodelgado@camara.gov.br;73586;JÚLIO CÉSAR DELGADO;JÚLIO DELGADO;;M;e197001045d48a1fcf3a107205c8d6ee;fae328a6-cc56-44f1-a639-30dcb7f44a9e
;1961-12-22;dep.fabioramalho@camara.gov.br;141427;FÁBIO AUGUSTO RAMALHO DOS SANTOS;FÁBIO RAMALHO;;M;8f115737fdad35f915df686093a780db;0b740843-a143-4028-8418-80b7ed019d26
;1975-01-16;dep.sostenescavalcante@camara.gov.br;178947;SOSTENES SILVA CAVALCANTE;SÓSTENES CAVALCANTE;Teólogo;M;421fe1881564798e609b6afc5b9189bd;acb498e4-c8b7-46af-a8b2-176f570ca4c1
;1988-10-05;dep.expeditonetto@camara.gov.br;178953;EXPEDITO GONCALVES FERREIRA NETTO;EXPEDITO NETTO;;M;764ff7d7fcdcc28451919bc6e428af37;e0a731b5-b3f4-4644-921f-12cbdece28d2
;1956-03-23;dep.paulofeijo@camara.gov.br;74017;PAULO FERNANDO FEIJO TORRES;PAULO FEIJÓ;Engenheiro Mecânico;M;cebd128b02a1771e02f5c4009d37e34a;06c2461b-a5e4-42e5-afba-189247d9f15c
;1951-03-30;dep.raimundogomesdematos@camara.gov.br;74216;RAIMUNDO GOMES DE MATOS;RAIMUNDO GOMES DE MATOS;;M;d0834c558ec848be7ee9b55a6ea5ef0f;91c40f84-d325-415b-bbe6-4771d89dc6b3
;1954-03-08;dep.waldenorpereira@camara.gov.br;160569;WALDENOR ALVES PEREIRA FILHO;WALDENOR PEREIRA;;M;d64d2545338ce180101c58d977a9035c;54e5f087-24ac-4a02-bcd9-85014c39b516
;1942-07-23;dep.nelsonmeurer@camara.gov.br;73781;NELSON MEURER;NELSON MEURER;Agropecuarista;M;7f6c54b41a747618e71b5b31d6d3fc81;6e65be86-853c-4126-9596-c3ff94e56d86
;1975-04-27;dep.betinhogomes@camara.gov.br;178915;HEBERTE LAMARCK GOMES DA SILVA;BETINHO GOMES;Engenheiro Agrônomo;M;491d0297d2b18912f376b88e106fea6f;ef1a0aa4-4ee1-46f3-add6-3083b8eb3294
;1964-01-08;dep.mauromariani@camara.gov.br;141507;MAURO MARIANI;MAURO MARIANI;;M;1bc33ea9e375b79aa993e22ed887705f;0229484e-fda5-46db-926c-445f0488766e
;1986-08-21;dep.caionarcio@camara.gov.br;178891;CAIO NARCIO RODRIGUES DA SILVEIRA;CAIO NARCIO;;M;5b49d0acc6bce9a0681020e8cd5a4d97;88d9e4e0-1c4a-43a1-97cc-c138813b24dd
;1987-07-22;dep.jhc@camara.gov.br;178842;JOAO HENRIQUE HOLANDA  CALDAS;JHC;;M;2d7daefb91fe8598d1cb3352157d40f5;a2c8236e-bd7e-4c85-84db-acd95f594de2
;1978-08-14;dep.robertosales@camara.gov.br;178944;ROBERTO DA SILVA SALES;ROBERTO SALES;Administrador, Corretor de Imóveis;M;6a732b5f970f3c75cf38a679f019d8eb;78a82486-610f-47b5-a0dd-723c0f63e59d
;1972-03-30;dep.geovaniadesa@camara.gov.br;178966;GEOVANIA DE SA RODRIGUES;GEOVANIA DE SÁ;Administrador de Empresas;F;244270d9328b8d970d4abe1f040bd12a;32c1ab3e-5533-49a2-b0e4-dc73eb93849a
;1988-08-15;dep.pedrocunhalima@camara.gov.br;178912;PEDRO OLIVEIRA CUNHA LIMA;PEDRO CUNHA LIMA;Advogado(a);M;739671de73474399cc69f42079074251;0268cff5-cf89-4f88-b10e-689590dcbe10
;1977-08-08;dep.diegoandrade@camara.gov.br;160588;DIEGO LEONARDO DE ANDRADE CARVALHO;DIEGO ANDRADE;;M;5deb40d7b008913665311d8e703070d0;a85d023b-8172-4f5f-bfc5-33344378dbfe
;1955-02-19;dep.angelim@camara.gov.br;178837;RAIMUNDO ANGELIM VASCONCELOS;ANGELIM;Economista;M;7601bab2d81df06ad026445c9f4accde;e17cddfd-6616-4f6e-b4ea-fbc0408a1728
;1949-08-03;dep.marcosmontes@camara.gov.br;141500;MARCOS MONTES CORDEIRO;MARCOS MONTES;;M;f999faac64591c38b8b3d68781b686b4;e70edc03-9ce3-4671-b300-5deabf72e495
;1972-04-02;dep.evairvieirademelo@camara.gov.br;178871;EVAIR VIEIRA DE MELO;EVAIR VIEIRA DE MELO;;M;f7cd8a126ce42e53d6f0d70927dcda39;7d054255-e73c-4bc3-9cd9-6a2a6effcb80
;1964-01-22;dep.vanderloubet@camara.gov.br;74376;VANDER LUIZ DOS SANTOS LOUBET;VANDER LOUBET;;M;fee017ba7c7a35670a19728bc51290ef;c237e892-ad6b-4aa0-996c-1ff047895d7a
;1963-09-19;dep.eduardocury@camara.gov.br;178977;EDUARDO PEDROSA CURY;EDUARDO CURY;Engenheiro Mecânico;M;c444e2c3cbc4526f85e07cdba9b96fb2;0d020d2f-66a4-462a-a3ea-ee4634f7ad3d
;1962-05-10;dep.josinunes@camara.gov.br;114941;JOSINIANE BRAGA NUNES;JOSI NUNES;Professor Universitário, Psicólogo;F;83898add40286cf02279eae4ab470bc2;2ddf1d52-b94b-4dfd-b7d2-e4be71b40ef4
;1947-04-07;dep.atilalira@camara.gov.br;74459;ÁTILA FREITAS LIRA;ÁTILA LIRA;;M;c0f1c291dec74d587b1f0d819617c764;88c31ab8-65e2-472c-adb6-97d61a430486
;1960-02-23;dep.christianedesouzayared@camara.gov.br;178928;CHRISTIANE DE SOUZA YARED;CHRISTIANE DE SOUZA YARED;;F;858b03cf695e7284c70439a20f8c7e21;1ae2a8e1-3b10-48f9-b908-6f09b7b15994
;1960-01-18;dep.henriquefontana@camara.gov.br;73482;HENRIQUE FONTANA JÚNIOR;HENRIQUE FONTANA;;M;49fddfccb24d1ed9b3a7e36d70ad545c;7031d3f8-69f8-4839-bb0c-b3dd3fb15cc8
;1954-03-10;dep.cesarhalum@camara.gov.br;160576;CESAR HANNA HALUM;CÉSAR HALUM;;M;6c80b0ab7db1d138409279a525b0effb;6cb0d57e-0532-4ae7-a35e-a632910acc10
;1956-04-07;dep.izalcilucas@camara.gov.br;4931;IZALCI LUCAS FERREIRA;IZALCI LUCAS;;M;0520c9db58beae40163e62d169baaf09;8b3068f6-3b7c-41a8-ab4b-53f970151f59
;1957-07-09;dep.bacelar@camara.gov.br;69871;JOAO CARLOS BACELAR BATISTA;BACELAR;Administrador;M;16702149ae74ef50384b529c68f8c2c0;df297247-e5a2-41b2-b82b-70bb1208cfe4
;1987-07-25;dep.covattifilho@camara.gov.br;178963;LUIS ANTONIO FRANCISCATTO COVATTI;COVATTI FILHO;;M;8648278b8bf7c90484397c28c275d6bb;867edf99-a610-4355-a488-287a3cfdf1fa
;1960-10-06;dep.marcosreategui@camara.gov.br;178852;MARCOS JOSE REATEGUI SOUZA;MARCOS REATEGUI;;M;1c045789376055d34a37e35425ea4da7;abdc5a1e-746d-4342-a245-320c14d4cafc
;1958-04-09;dep.luizsergio@camara.gov.br;74688;LUIZ SÉRGIO NÓBREGA DE OLIVEIRA;LUIZ SÉRGIO;;M;3c64832030ebc2362a4085de84ee8d22;96bfb3fc-c687-411c-9f0a-59ce6ceedc0a
;1951-06-08;dep.luizcarlosramos@camara.gov.br;178802;LUIZ CARLOS RAMOS;LUIZ CARLOS RAMOS ;;M;880451d9062b3861975e276c0e51e200;fc4550f3-352f-432e-89da-03fac90e4425
;1972-10-17;dep.eduardodafonte@camara.gov.br;141421;EDUARDO HENRIQUE DA FONTE DE ALBUQUERQUE SILVA;EDUARDO DA FONTE;;M;bc4d2efaf4b19995cb3cb37ca68903e7;f250a244-5ba0-4ba7-a06d-8e7a7cd49bda
;1961-06-11;dep.miltonmonti@camara.gov.br;74787;MILTON ANTONIO CASQUEL MONTI;MILTON MONTI;;M;2220e48ce42bc3e43edffe9b935ca9b4;a43d6f63-38f0-48e8-b313-41722df7a198
;1965-12-29;dep.lucianasantos@camara.gov.br;160628;LUCIANA BARBOSA DE OLIVEIRA SANTOS;LUCIANA SANTOS;;F;311c7f1fc8e8a4b8b810de3462fa1b8b;f636ddf9-c09a-4b19-b788-77fcc10e1c67
;1979-03-18;dep.efraimfilho@camara.gov.br;141422;EFRAIM DE ARAÚJO MORAIS FILHO;EFRAIM FILHO;;M;0f1b0d954ea735d5be92e1d4547d3e9f;ab54904d-3a36-47f0-a135-9152d064f2a1
;1961-12-21;dep.zegeraldo@camara.gov.br;73931;JOSÉ GERALDO TORRES DA SILVA;ZÉ GERALDO;;M;f9feeca054d7eafc619d3072700229fe;4ce3d167-b36d-4c85-aac3-f18a6d4fcd93
;1973-03-03;dep.evandroroman@camara.gov.br;178930;EVANDRO ROGERIO ROMAN;EVANDRO ROMAN;Professor de Educação Física;M;d22e02389a9501d65fde0fccaff43960;fc35d3d5-d7cd-4237-b9e9-65841057cfeb
;1972-06-29;dep.pedropaulo@camara.gov.br;122158;PEDRO PAULO CARVALHO TEIXEIRA;PEDRO PAULO;;M;ac237d700b586f3d6b6c8dd78137ea46;0e4e3b48-ab36-44b1-8fd6-13b8dfa33705
;1959-09-26;dep.edmararruda@camara.gov.br;160578;EDMAR DE SOUZA ARRUDA;EDMAR ARRUDA;;M;cf5eaf501f514a35175cd51f7f5d5e12;c317722a-2c2f-474e-8927-21687f48511e
;1955-04-20;dep.geraldoresende@camara.gov.br;74374;GERALDO RESENDE PEREIRA;GERALDO RESENDE;;M;080c28b7ea211c22ab127f97849ac3d4;0f1c5e25-24ed-42d5-83e6-83e1f69c0903
;1979-08-22;dep.victormendes@camara.gov.br;178888;CARLOS VICTOR GUTERRES MENDES;VICTOR MENDES;Advogado(a);M;ef4b364a41d424765751a8d70382c997;96164a7e-1c1d-4637-b7c1-8d26f9b1d208
;1979-04-13;dep.leodebrito@camara.gov.br;178825;LEONARDO CUNHA DE BRITO;LEO DE BRITO;Advogado(a), Professor de Direito;M;6d0d1ccd8ceab530cd2909822a0c0f68;27b373f0-18f8-4ed3-aa86-e178a954629a
;1963-05-11;dep.zesilva@camara.gov.br;160632;JOSÉ SILVA SOARES;ZÉ SILVA;;M;2a98ac377317ee88f2f170f50a5cfba0;da4156b1-049f-4c7f-94e8-26eafc951c90
;1973-06-21;dep.professoramarcivania@camara.gov.br;160641;MARCIVANIA DO SOCORRO DA ROCHA FLEXA;PROFESSORA MARCIVANIA;;F;42f65a194015bd9f60eaadcd9737e989;e8513a76-5478-484c-822e-4554955449ae
;1961-12-02;dep.joaquimpassarinho@camara.gov.br;178910;JOAQUIM PASSARINHO PINTO DE SOUZA PORTO;JOAQUIM PASSARINHO;Arquiteto;M;06c829def4c2e33cd70cf3fbca598c9a;e760cf0a-5259-480b-bf38-7f642c93f0bb
;1957-02-21;dep.joseairtoncirilo@camara.gov.br;141464;JOSÉ AIRTON FÉLIX CIRILO DA SILVA;JOSÉ AIRTON CIRILO;;M;330de0cf46d187f0bf5208eee7104c8a;02696bbc-701f-403f-8a68-531f51ac0e87
;1955-11-05;dep.jorgeboeira@camara.gov.br;74388;JORGE CATARINO LEONARDELI BOEIRA;JORGE BOEIRA;;M;0e86aee1dcde259e51a01aed947c92a6;57d29013-c992-400b-b8cf-8e6b0f09ffda
;1956-07-09;dep.gilbertonascimento@camara.gov.br;74270;GILBERTO NASCIMENTO SILVA;GILBERTO NASCIMENTO;Advogado(a), Delegado de Polícia;M;5698034c757a41fed114b31a1f516df2;4ed8c66a-0e43-47c8-9e3f-b4e8b0bad3aa
;1956-08-04;dep.herculanopassos@camara.gov.br;178981;HERCULANO CASTILHO PASSOS JUNIOR;HERCULANO PASSOS;Empresário;M;dd3d2da8e406804cd363fd2b8bf1d0e0;a09fc074-0095-47f0-9ec3-8db556a0b956
;1960-12-14;dep.delegadoedermauro@camara.gov.br;178908;EDER MAURO CARDOSO BARRA;DELEGADO ÉDER MAURO;;M;e16d900de2320e6fa16b015b5da10bb5;8e0a07e8-a7d1-4399-9c30-e4db3d8aeff6
;1949-11-29;dep.leopoldomeyer@camara.gov.br;160663;LEOPOLDO COSTA MEYER;LEOPOLDO MEYER;;M;11026fc69749c83006e546e00a9be42f;2ea22deb-4de3-4cc3-98cc-1fd25dbf2b68
;1956-04-08;dep.vicentinho@camara.gov.br;74283;VICENTE PAULO DA SILVA;VICENTINHO;;M;2d0dccc054c561f9e32add86825157f5;1e751096-3bd0-4a59-a02c-557f02362c55
;1971-11-13;dep.flavinho@camara.gov.br;178978;FLAVIO AUGUSTO DA SILVA;FLAVINHO;Apresentador de Televisão, Cantor, Compositor, Empresário, Escritor, Locutor;M;a7ab84489812f405a044cbc12692f363;2061a943-8dcc-4630-ba5c-cbe7043a25da
;1953-06-07;dep.anibalgomes@camara.gov.br;74212;ANÍBAL FERREIRA GOMES;ANÍBAL GOMES;;M;f5423abcf850afb27c1a7ccb42568e94;b3775305-e4af-45c1-93b1-28d97f6e55d5
;1963-12-02;dep.josepriante@camara.gov.br;74079;JOSÉ BENITO PRIANTE JÚNIOR;JOSÉ PRIANTE;;M;c51870081b36daaa092acf7f4b25d4b4;9f0b17f6-7401-4544-a4cd-ed05798e446d
;1984-04-11;dep.sheridan@camara.gov.br;178961;SHÉRIDAN ESTÉRFANY OLIVEIRA DE ANCHIETA;SHÉRIDAN;Psicólogo;F;5f6ac7f9d5e7c619873db82bf7476a53;ca075cac-7539-4ea6-a3b7-f516df3dc1f9
;1959-04-04;dep.ronaldofonseca@camara.gov.br;160637;RONALDO FONSECA DE SOUZA;RONALDO FONSECA;;M;c3f81b276b37d5a1394bc2296e0092bd;96756aab-4b0e-45fa-b7c7-2070f0340858
;1978-07-31;dep.viniciusgurgel@camara.gov.br;160591;VINICIUS DE AZEVEDO GURGEL;VINICIUS GURGEL;;M;bd0c1c8bce2deb8e4ba77e50d954de12;450169e8-0548-4a77-a48b-a92aaf1e6b1e
;1945-12-30;dep.arnaldofariadesa@camara.gov.br;73434;ARNALDO FARIA DE SÁ;ARNALDO FARIA DE SÁ;;M;99e2cd799069cdcd75e2d4958a82ee38;cb9e6127-e118-4b10-b7ef-22fb67b4cde5
;1962-07-16;dep.laudiviocarvalho@camara.gov.br;178894;LAUDIVIO ALVARENGA CARVALHO;LAUDIVIO CARVALHO;Jornalista;M;e08abbb462f90bacbdeebc171e7c6edd;a0b329ce-f2cf-4416-86cb-2ac0dc179128
;1956-02-06;dep.rubensotoni@camara.gov.br;74371;RUBENS OTONI GOMIDE;RUBENS OTONI;;M;420f4ddb2581512ad3de8a62efb100b4;15871dd6-7e26-4a48-9086-05a10b719860
;1963-12-24;dep.andressanchez@camara.gov.br;178974;ANDRES NAVARRO SANCHEZ;ANDRES SANCHEZ;Administrador;M;a3035b1ff9dfbf723ac7addf141e29e4;9c26e20a-a55f-41b1-bea6-bd69ed5452e7
;1954-09-23;dep.caetano@camara.gov.br;178853;LUIZ CARLOS CAETANO;CAETANO;Farmacêutico Bioquímico;M;f1ab2af912e8e66e5b9f589d3f8497d4;13eb302d-5733-48a3-a222-731cd2c50730
;1957-11-08;dep.cesarsouza@camara.gov.br;73720;César Antonio de Souza;CESAR SOUZA;Apresentador de Televisão, Comunicador de Rádio, Empresário;M;2ad9058d9da1478741d1dfaf47fe7122;ac0b548b-0c26-4c6e-aedb-9f86b82e7d97
;1973-04-02;dep.reginaldolopes@camara.gov.br;74161;REGINALDO LÁZARO DE OLIVEIRA LOPES;REGINALDO LOPES;;M;106a0619c1bfa7f4bb3c2db3d4a7ac8b;5cc9d3b1-0ca7-482a-9dbb-0aa880e40e54
;1974-05-10;dep.rodrigogarcia@camara.gov.br;88950;RODRIGO GARCIA;RODRIGO GARCIA;;M;c7c90f4aad2c48feb992ea286d172032;56a11c46-7da4-483d-bc02-1c2c991072e7
;1965-11-01;dep.marinaldorosendo@camara.gov.br;178919;MARINALDO ROSENDO DE ALBUQUERQUE;MARINALDO ROSENDO;Empresário;M;510ed63c5e9bc576f8afb11e7a698e21;8fa03d20-70da-4340-92c9-d2312772ae75
;1968-08-01;dep.ricardoizar@camara.gov.br;160655;RICARDO IZAR JUNIOR;RICARDO IZAR;;M;68eea86ef668e00a42268e42df984855;7d62707d-1f46-446a-b201-83f8ea692ceb
;1976-01-20;dep.jeronimogoergen@camara.gov.br;160570;JERÔNIMO PIZZOLOTTO GOERGEN;JERÔNIMO GOERGEN;;M;b06a6a4ac784ae91f25fa8c7baf06c13;6083251c-09a1-44ef-a820-90628f1fcf68
;1948-09-30;dep.josementor@camara.gov.br;74275;JOSÉ MENTOR GUILHERME DE MELLO NETTO;JOSÉ MENTOR;;M;61290196575717e07095696d958f52d4;d2a02388-636b-4ba0-aada-1cfa2b55502c
;1964-01-16;dep.wladimircosta@camara.gov.br;73930;WLADIMIR AFONSO DA COSTA RABELO;WLADIMIR COSTA;;M;12012db83c5389ec2596c64e9bd0f472;ddaaaef5-8648-43e2-8a35-f7159e93ca93
;1956-06-02;dep.albertofraga@camara.gov.br;73579;JOÃO ALBERTO FRAGA SILVA;ALBERTO FRAGA;Coronel da Polícia Militar;M;85768e0331492457b015dfafeca64527;3d6039ef-d364-45e6-89e4-a537efb04fe1
;1978-07-07;dep.marcosrogerio@camara.gov.br;167722;MARCOS ROGÉRIO DA SILVA BRITO;MARCOS ROGÉRIO;;M;d6dbb732217ddbbbb9d03e6e01e03a02;b9103053-6f37-48ac-a6b2-46d621c6880d
;1954-06-21;dep.lelocoimbra@camara.gov.br;141562;WELINGTON COIMBRA;LELO COIMBRA;;M;8e63406af4a1ddc5c7fd4ff5d4e7e087;43c510d6-1541-44e6-933c-55a70dfc5e7a
;1959-05-16;dep.aliceportugal@camara.gov.br;74057;ALICE MAZZUCO PORTUGAL;ALICE PORTUGAL;;F;ae911369ccfabeabe8ffbc665b182154;671ea1f2-bfa8-4ff0-9225-b547e46320fd
;1953-06-17;dep.jaimemartins@camara.gov.br;74665;JAIME MARTINS FILHO;JAIME MARTINS;;M;53402eba3b100e7931c95e73fad4a1c7;ce43d13f-7cbd-43cb-8afa-80d158f3de63
;1954-09-30;dep.marioheringer@camara.gov.br;74158;MÁRIO LÚCIO HERINGER;MÁRIO HERINGER;;M;64ef5702c6373204ada199f23dec9970;807a236c-3ddd-47e1-915d-aa5cdb3cb96d
;1961-07-22;dep.andredepaula@camara.gov.br;74471;ANDRÉ CARLOS ALVES DE PAULA FILHO;ANDRÉ DE PAULA;;M;9461abeaf44c02bd97b59126f4d05865;163181ab-550a-4acd-a2b8-c22aefac9b7d
;1975-04-01;dep.leonardoquintao@camara.gov.br;141482;LEONARDO LEMOS BARROS QUINTÃO;LEONARDO QUINTÃO;;M;060e404b5575573289795ffd4b6758ff;348fec0c-9bb8-4157-bcdb-b8f8810f40bc
;1970-06-12;dep.rodrigomaia@camara.gov.br;74693;RODRIGO FELINTO IBARRA EPITÁCIO MAIA;RODRIGO MAIA;;M;00c0142ed0db09167efe6a3dd3522e02;f0accee0-9b45-4c61-866f-55d894a22775
;1979-02-17;dep.aureo@camara.gov.br;160512;AUREO LIDIO MOREIRA RIBEIRO;AUREO;;M;f9a952bca37424441f976f582eeba0dd;eef7d4ac-9eb2-4673-bcf6-5abe97895cd8
;1963-10-10;dep.celsopansera@camara.gov.br;72912;CELSO PANSERA;CELSO PANSERA;;M;8c96ec7db2b3309cc9ab3b6bbb5b96d8;a5c704be-d6c9-44a2-9df5-496337db230a
;1963-11-26;dep.rogeriomarinho@camara.gov.br;141535;ROGÉRIO SIMONETTI MARINHO;ROGÉRIO MARINHO;;M;264dc4715ef9cad383026f602d0a419e;e5c52db8-2ca0-4e09-a4b8-17aed68b6455
;1962-12-28;dep.joaocampos@camara.gov.br;74366;JOÃO CAMPOS DE ARAÚJO;JOÃO CAMPOS;;M;c33c51a0a46ba1d930c562ce330021f7;1e02ac78-1a4b-4cbc-acd5-e88ed8fc3a78
;1977-06-29;dep.fabiogarcia@camara.gov.br;178905;FABIO PAULINO GARCIA;FABIO GARCIA;Engenheiro Civil;M;32e48237b73d84a66d462e018ece3877;da2b4ecf-6b32-4346-9d98-de19d86fadeb
;1960-02-09;dep.niltoncapixaba@camara.gov.br;74359;NILTON BALBINO;NILTON CAPIXABA;Empresário;M;0c8dd49c92afceeec92df328c42b881b;9236eaf6-c60c-40b6-8b0d-72ac61824e3b
;1964-09-26;dep.carlosandrade@camara.gov.br;178958;CARLOS AUGUSTO ANDRADE SILVA;CARLOS ANDRADE;Administrador, Eletricitário;M;34e4631eea70a67761e4696a341636c6;88482c00-1f07-4afa-ac83-31f0e60a3db4
;1956-04-30;dep.paulofoletto@camara.gov.br;160517;PAULO ROBERTO FOLETTO;PAULO FOLETTO;Médico(a);M;8a659559d8c3a014edded032a5884814;1ff22b1d-0c1e-490e-ac7e-12a3a1fca27c
;1971-07-15;dep.rodrigodecastro@camara.gov.br;141531;RODRIGO BATISTA DE CASTRO;RODRIGO DE CASTRO;;M;7ff2addbca73f387320ee0177a64d198;93f64b5e-3bfb-4db4-b3a5-8e09fd4c658f
;1980-04-11;dep.renzobraz@camara.gov.br;160654;RENZO DO AMARAL BRAZ;RENZO BRAZ;Administrador de Empresas;M;980a891d1e52bff1757ab5c34981b76f;a41506fb-2bdd-47dd-9675-fdedf9501a41
;1951-07-07;dep.betomansur@camara.gov.br;73437;PAULO ROBERTO GOMES MANSUR;BETO MANSUR;;M;f5da5917ec0aa3ea5dee93c2be68e476;625f99ad-0fba-48ac-81ba-5304c6abfd90
;1992-01-30;dep.ulduricojunior@camara.gov.br;178863;ULDURICO ALENCAR PINTO;ULDURICO JUNIOR;Estudante Universitário;M;3940242633026385882471beac41425f;133d8430-9e35-4c52-ac1c-caddacb52b7e
;1970-12-12;dep.marciomarinho@camara.gov.br;150418;MÁRCIO CARLOS MARINHO;MÁRCIO MARINHO;;M;ef1c91a895fb0b013d800b4000fd8242;bbdc6e5f-634c-4a4f-9b50-7ef65e8b778c
;1954-10-03;dep.onyxlorenzoni@camara.gov.br;74399;ONYX DORNELLES LORENZONI;ONYX LORENZONI;Empresário, Médico Veterinário;M;1544dee6b2f5f0a332fcd75161f2a5b9;abd2ddc3-f546-4f34-880b-e8a349c6d2b2
;1960-10-01;dep.renatomolling@camara.gov.br;141527;RENATO DELMAR MOLLING;RENATO MOLLING;;M;30bdc0e62144df9389337ee77ccbfe94;b5a9d999-9434-487f-95a4-da2b2d12be2d
;1977-02-27;dep.elizianegama@camara.gov.br;178883;ELIZIANE PEREIRA GAMA MELO;ELIZIANE GAMA;Jornalista;F;f9879eb338130f378de3a6644b661f5d;60288d3a-493a-48c4-ad38-579b084b7e17
;1971-05-27;dep.orlandosilva@camara.gov.br;178987;ORLANDO SILVA DE JESUS JUNIOR;ORLANDO SILVA;;M;3f27842bde17df44fd5466ddb4293a6b;64573791-3b49-4b4a-a107-60f07618039f
;1972-05-10;dep.cleberverde@camara.gov.br;141408;CLEBER VERDE CORDEIRO MENDES;CLEBER VERDE;;M;a38f8faaa42b37daabb2ed8f1e4ad8ea;82506095-5bf9-4e35-8c91-33450523a93d
;1959-05-18;dep.vitorlippi@camara.gov.br;178992;VITOR LIPPI;VITOR LIPPI;Médico(a);M;b1d40871058570efea3e6241b50d2d91;098309b4-b056-405b-8e9e-70c6ed72278f
;1983-02-03;dep.irajaabreu@camara.gov.br;81232;IRAJÁ SILVESTRE FILHO;IRAJÁ ABREU;;M;f8367a58a21274b73ba55a33cbfea2d6;a69160c2-0e32-4885-adf3-48fc6c98ace8
;1950-06-10;dep.margaridasalomao@camara.gov.br;171619;MARIA MARGARIDA MARTINS SALOMÃO;MARGARIDA SALOMÃO;;F;5064f885a4b963b6f642b487c6b5211d;b6646f6b-c7f7-44eb-95c4-b975f24db637
;1963-11-29;dep.felixmendoncajunior@camara.gov.br;160666;FELIX DE ALMEIDA MENDONÇA JÚNIOR;FÉLIX MENDONÇA JÚNIOR;;M;2d63e952da99ebabbaf7b07d2cab82e2;c4205483-ea4a-4765-9dec-09db61b09b84
;1964-10-26;dep.jeffersoncampos@camara.gov.br;74273;JEFFERSON ALVES DE CAMPOS;JEFFERSON CAMPOS;;M;2cb2da5dbf1c5b992850d334ccad0a44;f1b8afd0-74d4-4a83-bd0f-a2e08aa768d0
;1958-01-31;dep.marcotebaldi@camara.gov.br;160536;MARCO ANTONIO TEBALDI;MARCO TEBALDI;;M;26935d8759f5c2e9bc613d6d2ee5578c;d7ede672-2ec9-4132-8c5f-fe8667be1d52
;1971-02-15;dep.marcosabrao@camara.gov.br;178880;MARCOS ABRAO RORIZ SOARES DE CARVALHO;MARCOS ABRÃO;Economista, Empresário na Área Pecuarista;M;e6f653b83460a5be82e20ec3f82e0d0e;f20a9f04-a9c0-46ad-8f7f-8c03a3d680ba
;1973-04-07;dep.alexandrevalle@camara.gov.br;178936;ALEXANDRE VALLE CARDOSO;ALEXANDRE VALLE;;M;8f63e36aae1915085f4751957e5a41f0;7b442ab9-d3d0-4365-99fc-4e35f7a3b5da
;1960-08-21;dep.luizclaudio@camara.gov.br;178955;LUIZ CLAUDIO PEREIRA ALVES;LUIZ CLÁUDIO;Professor(a), Técnico Agrícola;M;761a2f45c1264df4984d27b3746766a0;ff988853-cba7-4ffa-ad6d-e87882ebef51
;1953-07-27;dep.augustocarvalho@camara.gov.br;73655;AUGUSTO SILVEIRA DE CARVALHO;AUGUSTO CARVALHO;;M;27a203d6f11354816ecef815bca66d84;028f3058-58d3-40f5-94fd-7a96a42a294a
;1978-01-21;dep.ronaldomartins@camara.gov.br;122466;RONALDO MANCHADO MARTINS;RONALDO MARTINS;Músico, Radialista;M;d4b05a26311d58b4ba4168b01f9230f9;4495c88d-74c6-4d01-884b-94fa1bec31f4
;1970-03-02;dep.juniormarreca@camara.gov.br;178885;ANTONIO DA CRUZ FILGUEIRA JUNIOR;JUNIOR MARRECA;Advogado(a);M;7e9a64a82f8aa932220826ea4d56c0a8;903e02f8-da65-4afe-827e-df8a44d4368e
;1966-10-04;dep.capitaoaugusto@camara.gov.br;178829;JOSE AUGUSTO ROSA;CAPITÃO AUGUSTO;Policial Militar;M;7f5da35dd52920e6e35ecf785971fb61;ce1ec498-dcb8-40d6-97f6-7b8e9ebc14f5
;1968-11-18;dep.luiziannelins@camara.gov.br;178866;LUIZIANNE DE OLIVEIRA LINS;LUIZIANNE LINS;Jornalista, Professor Universitário;F;2e516b9534ebdf8dfd4dd946d9d89c9d;92f05ba3-2474-4b95-86ff-a12e5da8bc41
;1950-02-24;dep.zecadopt@camara.gov.br;178902;JOSE ORCIRIO MIRANDA DOS SANTOS;ZECA DO PT;Bancário;M;7548bf78c349f70b2301b412dbf84e5d;8bc98b7c-8c24-4414-9584-a70a0b606577
;1963-04-08;dep.tadeualencar@camara.gov.br;178922;FRANCISCO TADEU BARBOSA DE ALENCAR;TADEU ALENCAR;Procurador;M;9a7f95e662f838db19127c3395ebb101;4f5ab3f8-8d7b-4728-bcab-ed768705e700
;1952-03-25;dep.nilsonpinto@camara.gov.br;74352;NILSON PINTO DE OLIVEIRA;NILSON PINTO;Geólogo;M;9c52673053a66cf7505ddae463a38bab;71aab23d-22ae-4118-9c02-b043814a5492
;1962-11-19;dep.luciovieiralima@camara.gov.br;94931;LÚCIO QUADROS VIEIRA LIMA;LUCIO VIEIRA LIMA;;M;0cc358710869a4826e384deed8a1298f;cca8bfd0-cbc4-453c-93d6-683578a40b7f
;1964-06-11;dep.alexcanziani@camara.gov.br;73458;ALEX CANZIANI SILVEIRA;ALEX CANZIANI;;M;fc78e716ebf790d1e53bc25f898caf74;c265c249-a334-420c-b1d0-1d387632f3ac
;1964-12-17;dep.valmirassuncao@camara.gov.br;160610;VALMIR CARLOS DA ASSUNÇÃO;VALMIR ASSUNÇÃO;;M;1ffe0258247a72aa43c30170b881c678;8b680529-2dfb-4c05-a207-f0a442f7c7f6
;1950-08-31;dep.toninhowandscheer@camara.gov.br;178934;ANTONIO WANDSCHEER;TONINHO WANDSCHEER;Engenheiro Civil;M;aec348b11fb457518639f35d192ae366;1cddaad0-6901-4580-a42d-eea8c08a197a
;1982-09-11;dep.fabiosousa@camara.gov.br;178877;FABIO FERNANDES DE SOUSA;FÁBIO SOUSA;Apresentador de Televisão, Gestor Público, Pastor, Radialista;M;e13b716d704905f1561a66c5c17dd0bb;38df39c9-5d6c-49ca-988b-2292a3f9fe3f
;1955-10-14;dep.jutahyjunior@camara.gov.br;74570;JUTAHY MAGALHÃES JÚNIOR;JUTAHY JUNIOR;;M;41ef4193015a9f85c59f503cbed8d307;49546871-8eb2-48f7-8731-abb48a33b0fb
;1980-02-27;dep.walteralves@camara.gov.br;178952;WALTER PEREIRA ALVES;WALTER ALVES;Administrador;M;4132da1db6a2d2df426d7dcf022d7a3a;7d9a2f6a-4297-4826-8772-15fde8547c70
;1981-06-02;dep.joaoderly@camara.gov.br;178965;JOAO DERLY DE OLIVEIRA NUNES JUNIOR;JOÃO DERLY;;M;6bee26e6d341296b86abd8ca87ee3615;d73c57e9-a985-4e47-a731-a065b1b502ea
;1961-04-11;dep.jorgesolla@camara.gov.br;178857;JORGE JOSE SANTOS PEREIRA SOLLA;JORGE SOLLA;Médico(a);M;53cb63df3fce48951096b385c52d0790;1071b9ea-a805-485a-b87d-718db5bd77e7
;1959-04-06;dep.juliolopes@camara.gov.br;74253;JULIO LUIZ BAPTISTA LOPES;JULIO LOPES;;M;0813ea21188896b0fe638aae33028fdd;f30c7601-df22-4bc6-9a4b-2f00e3130f39
;1949-04-09;dep.luiznishimori@camara.gov.br;162332;LUIZ HILOSHI NISHIMORI;LUIZ NISHIMORI;;M;2cde5c79f3c4ccef8630df8026faac11;10eb6462-49a9-4f5d-83b0-1d8adb00784d
;1958-04-25;dep.hermesparcianello@camara.gov.br;73772;HERMES PARCIANELLO;HERMES PARCIANELLO;;M;8655814ad93c811de70a6278340fe563;70af4fe6-e79b-4ffa-bf7d-d0dbf3992e0a
;1953-08-30;dep.celsomaldaner@camara.gov.br;141405;CELSO MALDANER;CELSO MALDANER;;M;dbe830c8bffce8880994d263ab9acfda;664fa6aa-17e6-43be-82e8-709f945e734d
;1979-10-08;dep.wevertonrocha@camara.gov.br;167493;WEVERTON ROCHA MARQUES DE SOUSA;WEVERTON ROCHA;;M;1f1c62ef9b4ef360b9885fdd225dcf25;464dbcce-6280-4b2b-9cf6-68dee17f3fbc
;1955-03-23;dep.lucianoducci@camara.gov.br;178931;LUCIANO DUCCI;LUCIANO DUCCI;Médico(a);M;baa38f0a7dd2d566734ca4c738dbde33;c90698e7-76ea-4c23-9102-afd9737d88e6
;1962-03-20;dep.majorolimpio@camara.gov.br;178826;SERGIO OLIMPIO GOMES;MAJOR OLIMPIO;;M;7359222244b5c2679a8818913b6e2431;ba15fa33-69ad-4d2f-a35d-fee62923fa7b
;1949-10-15;dep.valdircolatto@camara.gov.br;74010;VALDIR COLATTO;VALDIR COLATTO;;M;41bc325650f3af8d99cd9887fac69318;a9e68ec9-616d-438a-8d19-404266008b87
;1980-10-01;dep.valadaresfilho@camara.gov.br;141384;ANTÔNIO CARLOS VALADARES FILHO;VALADARES FILHO;;M;4bfbda1c20ab069a5da485a8db056533;f9cda80e-7c1e-4bf6-8f30-f22d63b9999f
;1980-11-28;dep.jessicasales@camara.gov.br;178839;JESSICA ROJAS SALES;JÉSSICA SALES;Médico Ginecologista e Obstetra;F;690887900e9febb3329a9305d0f4511d;b8ea9a8f-8c3a-4bea-b3a5-bca8858fc0c5
;1974-02-16;dep.marceloalvaroantonio@camara.gov.br;179000;MARCELO HENRIQUE TEIXEIRA DIAS;MARCELO ÁLVARO ANTÔNIO;Empresário;M;f6bf81384ac9974440e6a33306016d54;c5efacd8-a6df-4806-b7f5-16c587ab1107
;1962-12-15;dep.silascamara@camara.gov.br;74356;SILAS CÂMARA;SILAS CÂMARA;;M;0c64aaff51340c13b8b506fa142c058a;2c8a9a9e-8c9f-43cc-8ef7-d92a020cfe68
;1955-07-21;dep.dagobertonogueira@camara.gov.br;141411;DAGOBERTO NOGUEIRA FILHO;DAGOBERTO NOGUEIRA;Administrador de Empresas, Advogado(a);M;18f39351fac4b6e3558d110edb4fa999;6a3591fe-b959-475f-adee-3478d0879006
;1967-09-28;dep.maragabrilli@camara.gov.br;160565;MARA CRISTINA GABRILLI;MARA GABRILLI;;F;0ae2cd939ac4624efb8e52ed61134295;3d50998c-4ba6-48d1-bd7d-00c7ac2fb8ca
;1977-09-30;dep.jonymarcos@camara.gov.br;178971;JONY MARCOS DE SOUZA ARAUJO;JONY MARCOS;Radialista;M;a8ec4004ffb11823e3484569ce25b2f2;55af2fd5-aff0-47bd-9eae-74c589724aea
;1982-06-26;dep.glauberbraga@camara.gov.br;152605;GLAUBER DE MEDEIROS BRAGA;GLAUBER BRAGA;;M;c0761224b107e62ec4dd671d35dfab8b;ead5d222-daf8-438d-8f66-d8da96bce922
;1967-04-06;dep.simonemorgado@camara.gov.br;178911;SIMONE MARIA MORGADO FERREIRA;SIMONE MORGADO;Auditor-fiscal, Economista;F;724decace47f64055198df04713731a8;474bebba-24b9-4788-bbc5-91c490e48dc6
;1959-05-19;dep.wellingtonroberto@camara.gov.br;74043;JOSÉ WELLINGTON ROBERTO;WELLINGTON ROBERTO;Empresário;M;783f078095f422a3baef3ba445a6780f;f02db7ab-975a-42e3-b8cc-b01f46b9bc7c
;1955-08-04;dep.waldirmaranhao@camara.gov.br;141558;WALDIR MARANHÃO CARDOSO;WALDIR MARANHÃO;;M;ff4eae2ce878069a130cd5ab99c1fc91;191c09be-fa1c-497e-a522-72ac6f28ce9d
;1954-11-27;dep.zenaidemaia@camara.gov.br;178949;ZENAIDE MAIA CALADO PEREIRA DOS SANTOS;ZENAIDE MAIA;Médico(a);F;5c8a568464ac4a081a6534a6f5ddd6e6;0f62e181-4024-4f62-858e-f933a6ceca37
;1951-10-09;dep.leonardomonteiro@camara.gov.br;74156;JOSÉ LEONARDO COSTA MONTEIRO;LEONARDO MONTEIRO;;M;8f6a3fcf2127e4f546e10d2d26d77c79;e74dc30d-554f-4685-9c15-077d4c75e74f
;1963-01-14;dep.pauloazi@camara.gov.br;178860;PAULO VELLOSO DANTAS AZI;PAULO AZI;Administrador de Empresas, Engenheiro Civil;M;4167beb2862be52eeda4d9d94ae013d0;61b103aa-6840-4ba0-9467-e2479a475cdc
;1958-09-01;dep.daniloforte@camara.gov.br;62881;FRANCISCO DANILO BASTOS FORTE;DANILO FORTE;;M;a611de286f6a342263c4c0b56216a888;bcbf5b32-da4d-49ac-a2db-f10baa4f19d4
;1957-10-14;dep.givaldocarimbao@camara.gov.br;74558;GIVALDO DE SÁ GOUVEIA;GIVALDO CARIMBÃO;;M;cd899f2321f07182d7ada4fbfe26460d;bd4fcaae-7bf5-48ad-8295-3c4434774e45
;1961-04-30;dep.professorvictoriogalli@camara.gov.br;148134;VICTORIO GALLI FILHO;PROFESSOR VICTÓRIO GALLI;;M;76806d1fc0f06eb5839dab8a1347f582;e7ce3093-286d-4ca8-8f85-fa19217aa8d7
;1962-09-12;dep.pastoreurico@camara.gov.br;160642;FRANCISCO EURICO DA SILVA;PASTOR EURICO;Comunicador de Rádio, Pastor Evangélico;M;6f059c556ae39135ae9e016ec2b74458;21c2cd89-bb29-447a-ad25-8b52e6790e23
;1966-04-23;dep.iracemaportella@camara.gov.br;67138;IRACEMA MARIA PORTELLA NUNES NOGUEIRA LIMA;IRACEMA PORTELLA;;F;58fa6c67945cdd48d47625e960698c58;06dbbb20-c1a5-467b-ac03-57ea95fbd52a
;1963-03-13;dep.geneciasnoronha@camara.gov.br;160669;GENECIAS MATEUS NORONHA;GENECIAS NORONHA;;M;afac7447b99191d53a51822a4290398a;8b540ecf-c68d-4917-a63b-16b68e20dadd
;1970-03-26;dep.delegadofrancischini@camara.gov.br;160646;FERNANDO DESTITO FRANCISCHINI;DELEGADO FRANCISCHINI;;M;df67099abb0f296af86adf7d4674d596;17576461-ea99-417f-851d-44b0baf53839
;1953-12-23;dep.goulart@camara.gov.br;178980;ANTONIO GOULART DOS REIS;GOULART;Empresário;M;ee250c18adbab5eeea5f8e7370500401;f7b60b26-5cfa-4895-a802-ae4a0507d837
;1947-04-02;dep.darcisioperondi@camara.gov.br;73891;DARCÍSIO PAULO PERONDI;DARCÍSIO PERONDI;;M;1977657f91e423c1c902b97f9d2eb475;e48be990-1cf1-4de6-91c2-a007fec521f4
;1975-08-24;dep.welitonprado@camara.gov.br;160518;WELITON FERNANDES PRADO;WELITON PRADO;;M;b38d09788cd6118b4af2e0688f50ca15;dcc9cbb1-7b56-4891-9d35-7f64d0c13e99
;1972-10-12;dep.pr.marcofeliciano@camara.gov.br;160601;MARCO ANTÔNIO FELICIANO;PR. MARCO FELICIANO;;M;898fe6600e18afd432299b80d37ff805;6d07ae7d-0a60-4aad-b434-f49e2cc02664
;1961-10-17;dep.assisdocouto@camara.gov.br;74378;ASSIS MIGUEL DO COUTO;ASSIS DO COUTO;;M;6bfd4e4e97cc0366bdb2229655aa714e;b37f9bca-4058-43e9-96c7-a8f9b921fdc2
;1957-08-11;dep.josestedile@camara.gov.br;160607;JOSE LUIZ STÉDILE;JOSE STÉDILE;;M;ab8a8fc9b6bade57b3de922c6ca7b76c;2e582ad1-6743-4ace-8307-8450a2cbf015
;1989-04-18;dep.alexandreleite@camara.gov.br;160545;ALEXANDRE LEITE DA SILVA;ALEXANDRE LEITE;;M;5f916e54188bc05318af71a94b5f8702;b2cfe80c-3571-4ae2-99f8-b833f6384ecc
;1965-05-01;dep.tiririca@camara.gov.br;160976;FRANCISCO EVERARDO OLIVEIRA SILVA;TIRIRICA;;M;9f1afc4935178c6ad9e7db16a4908939;c50149ea-c19f-4b71-a7a7-b7e6018e66d1
;1979-11-11;dep.newtoncardosojr@camara.gov.br;178896;NEWTON CARDOSO JUNIOR;NEWTON CARDOSO JR;;M;40237fd8ba4f54842d31f2f0ea506689;6ad5fece-571e-470d-8931-682d3f2b71d5
;1954-09-24;dep.pauderneyavelino@camara.gov.br;74095;PAUDERNEY TOMAZ AVELINO;PAUDERNEY AVELINO;Engenheiro Civil, Professor(a);M;5055f193727d2166212763d456929b50;d57dc80c-adfd-4400-82f7-b4fafef1d8bf
;1957-09-15;dep.paulao@camara.gov.br;171617;PAULO FERNANDO DOS SANTOS;PAULÃO;;M;4697711dec20e79750412e6804146c05;f8ba85be-cb43-4de6-b356-1c4968feb917
;1956-02-24;dep.paulopereiradasilva@camara.gov.br;141518;PAULO PEREIRA DA SILVA;PAULO PEREIRA DA SILVA;;M;bd52443cc735ff8fa931d0c2260c1105;a899147e-3efd-4a58-9b8c-793f6517d86e
;1957-05-17;dep.jandirafeghali@camara.gov.br;74848;JANDIRA FEGHALI;JANDIRA FEGHALI;;F;f910adae62ee97280ae7de4b40829176;fa21f522-9a2f-489a-9324-e728c6c6efd1
;1963-07-24;dep.raquelmuniz@camara.gov.br;178998;TANIA RAQUEL DE QUEIROZ MUNIZ;RAQUEL MUNIZ;Médico(a), Professor de Medicina;F;1e988ec5a4eb9a53b9c2ee3528ade31a;33bbfa81-df3d-40a6-8ef6-b534f2e84ee9
;1958-12-04;dep.sorayasantos@camara.gov.br;178946;SORAYA ALENCAR DOS SANTOS;SORAYA SANTOS;Advogado(a);F;9cce67ad09d30704bb5aec7d6690860f;1d7b6de0-7b87-4fa6-92db-ec208d4ec0be
;1958-02-10;dep.adalbertocavalcanti@camara.gov.br;178914;ADALBERTO CAVALCANTI RODRIGUES;ADALBERTO CAVALCANTI;Administrador de Empresas;M;a1b4e1be75373eeee9e4bd632e38f885;8e1b0012-60d1-4618-acf3-72cee37742ee
;1959-04-16;dep.delegadoedsonmoreira@camara.gov.br;178893;EDSON MOREIRA DA SILVA;DELEGADO EDSON MOREIRA;Advogado(a), Delegado de Polícia Civil, Policial Militar, Professor de Direito;M;f46fe28cb618facfc576ca9e5435f1d5;641954cf-246b-4c4b-9389-b53ba6c3d6b8
;1964-09-22;dep.adelsonbarreto@camara.gov.br;178968;ADELSON BARRETO DOS SANTOS;ADELSON BARRETO;Jornalista, Radialista;M;fe89dffa250a3c5a416e387ffa9cfbde;00b57d97-0f35-47ef-b6be-6a210fa9285c
;1951-06-04;dep.jovairarantes@camara.gov.br;73666;JOVAIR DE OLIVEIRA ARANTES;JOVAIR ARANTES;;M;bd8333f6c13dbe58b8770a87f4f595c5;8a2dddc7-3dec-4cbd-ad76-2137bce6a58c
;1961-09-09;dep.assiscarvalho@camara.gov.br;159237;FRANCISCO DE ASSIS CARVALHO GONÇALVES;ASSIS CARVALHO;;M;d1a600d1a5a5a968880a0ba710122553;94340f64-2dfe-4486-bd76-fea636efd241
;1957-10-15;dep.miguelhaddad@camara.gov.br;178984;MIGUEL MOUBADDA HADDAD;MIGUEL HADDAD;Advogado(a);M;4425601e0a568feefec112a136912b51;e0078458-b6cd-4a2d-9ced-dc3e175f4c64
;1959-04-15;dep.laerciooliveira@camara.gov.br;151208;LAERCIO JOSÉ DE OLIVEIRA;LAERCIO OLIVEIRA;;M;1e20dc2c0a392615dfd151b740138cd5;eecb8dce-06d5-47fe-914f-81514824f650
;1949-05-12;dep.janetecapiberibe@camara.gov.br;73926;JANETE MARIA GÓES CAPIBERIBE;JANETE CAPIBERIBE;;F;fd29d30c0da433c5339499590934185f;a12c97ec-69f2-4a28-850e-1e1f7df29ddd
;1964-04-09;dep.valmirprascidelli@camara.gov.br;113247;VALMIR PRASCIDELLI;VALMIR PRASCIDELLI;;M;25dfc0be7c347bef94079c31ad957177;080f9cbf-798f-49e0-a3ba-b636cabfd81f
;1952-04-10;dep.goretepereira@camara.gov.br;129618;MARIA GORETE PEREIRA;GORETE PEREIRA;;F;086c05a4246f07d21cea8354bc9b8284;1c904979-a1e3-4cac-ad79-305e39f7a0b3
;1939-03-19;dep.josereinaldo@camara.gov.br;73714;José Reinaldo Carneiro Tavares;JOSÉ REINALDO;Administrador Público, Engenheiro;M;a19c98515867e337902a89098c1bb012;5df1c4dc-4756-4077-85a2-238475d2b09b
;1964-03-08;dep.heldersalomao@camara.gov.br;178873;HELDER IGNACIO SALOMAO;HELDER SALOMÃO;Professor(a);M;646e16bdbf70f31f71fdf5431e9ee305;0168424c-8783-47d8-9bdd-a2796d70f4aa
;1962-11-28;dep.delegadowaldir@camara.gov.br;164359;WALDIR SOARES DE OLIVEIRA;DELEGADO WALDIR;;M;2603e4b9ccd72401e9f1a81a0a9a2311;b8bb225c-0a75-4597-a643-e49538a8f49c
;1941-10-29;dep.nelsonmarquezelli@camara.gov.br;73553;NELSON MARQUEZELLI;NELSON MARQUEZELLI;;M;f6a39183d6ec6a2381117f8412fa7f67;bf080e85-0f85-47b9-9f62-3ff33ad5f023
;1977-09-01;dep.fabiofaria@camara.gov.br;141428;FÁBIO SALUSTINO MESQUITA DE FARIA;FÁBIO FARIA;;M;9940fbb9e429fe991f2ac0bf84d3a37c;024bd318-ca5e-4b2e-bd6d-3b811f83a2d4
;1952-01-26;dep.patrusananias@camara.gov.br;74160;PATRUS ANANIAS DE SOUSA;PATRUS ANANIAS;Advogado(a), Professor(a), Servidor Público;M;3894991ec381df75e50674602ed4b972;9fb49ea9-25ca-4d57-b9d0-6540994d1bc8
;1947-12-21;dep.esperidiaoamin@camara.gov.br;160649;ESPERIDIÃO AMIN HELOU FILHO;ESPERIDIÃO AMIN;Administrador, Advogado(a), Professor Universitário;M;87638b8893b286de5290dd98d0d4af8f;335457ba-d565-4b39-a447-2f1b0c7fa3ec
;1959-11-17;dep.vicentecandido@camara.gov.br;160622;VICENTE CÂNDIDO DA SILVA;VICENTE CANDIDO;;M;860147c35cbaed9920f3de7aa28082de;d5f30dc3-941b-4f8d-ade5-cd5f56ba2dfa
;1955-01-21;dep.danielalmeida@camara.gov.br;74060;DANIEL GOMES DE ALMEIDA;DANIEL ALMEIDA;;M;0451666d8448753cee9014aeff861ff5;03280bf7-8a86-4167-a557-5b9f79a5d6d6
;1973-12-21;dep.cristianebrasil@camara.gov.br;93472;CRISTIANE BRASIL FRANCISCO;CRISTIANE BRASIL;Advogado(a);F;d42cc461b142661e92bafeab96beba82;aae86ae5-32e3-4078-83b9-b1dd06f586e4
;1989-09-11;dep.hugomotta@camara.gov.br;160674;HUGO MOTTA WANDERLEY DA NÓBREGA;HUGO MOTTA;;M;36b2f7c46582100c98db274f30ce66d2;d929ccfd-ad21-47c2-b59d-093bb1d01b78
;1983-09-03;dep.jhonatandejesus@camara.gov.br;160531;JOHNATHAN PEREIRA DE JESUS;JHONATAN DE JESUS;;M;fd74bb11ed8f111c3dd0afc198dc368e;31912c78-54a7-4b83-86b6-7bd5d53ff314
;1961-03-27;dep.enioverri@camara.gov.br;132504;ENIO JOSÉ VERRI;ENIO VERRI;;M;c2045c2a9076413255d89585e8a5b742;1b41b2a9-b8df-4e7d-87cf-84c6ffdc2a76
;1958-04-27;dep.sergiomoraes@camara.gov.br;141542;SÉRGIO IVAN MORAES;SÉRGIO MORAES;;M;ff2fc86967b81085c279d2195ebb806d;32adb89a-c36e-4c2a-b276-11bf37e047a1
;1977-06-01;dep.faustopinato@camara.gov.br;66828;FAUSTO RUY PINATO;FAUSTO PINATO;Advogado(a);M;14c254655904402a20ef86994443472e;6a9f5575-5d31-45f0-8f37-7c2d132033e4
;1956-08-24;dep.franciscochapadinha@camara.gov.br;178907;FRANCISCO ALVES DE AGUIAR;FRANCISCO CHAPADINHA;Empresário;M;ae758b3ef193ee48b2d34397e1e76283;2d25b0de-7c63-4a33-9341-60d12f582614
;1962-08-06;dep.hugoleal@camara.gov.br;141450;HUGO LEAL MELO DA SILVA;HUGO LEAL;;M;008cf653b53e3d22ea197459325382d2;91f9f025-12d5-4527-8536-1c93f7c50f88
;1960-10-15;dep.afonsoflorence@camara.gov.br;160508;AFONSO BANDEIRA FLORENCE;AFONSO FLORENCE;;M;be2b6bff6bdce7b743c2bc9a46e43282;b3be7d75-7337-4068-b460-9773b919bfb8
;1950-10-08;dep.luizcarloshauly@camara.gov.br;73778;LUIZ CARLOS JORGE HAULY;LUIZ CARLOS HAULY;;M;2892a01c9e7f86df392c287436ca36cc;a737962c-fc97-499c-b01c-7aeca8b3825e
;1945-02-13;dep.luizcouto@camara.gov.br;74041;LUIZ ALBUQUERQUE COUTO;LUIZ COUTO;;M;b20401fcf0665b7aa80bf7adbd9579a0;435d25c7-7756-4fc6-9942-e8bf241b8e8e
;1960-10-01;dep.deciolima@camara.gov.br;141413;DÉCIO NERY DE LIMA;DÉCIO LIMA;;M;ad8da3706a48a019d2e233c732aeaa99;592e3037-3dc8-4c09-8665-5e0506642dc7
;1963-12-15;dep.dulcemiranda@camara.gov.br;178994;DULCE FERREIRA PAGANI MIRANDA;DULCE MIRANDA;;F;032330384cefa018eccf2b62df939e7b;7f864287-06fb-4f85-a42d-074f06e2342a
;1949-05-25;dep.adelmocarneiroleao@camara.gov.br;178890;ADELMO CARNEIRO LEAO;ADELMO CARNEIRO LEÃO;Professor(a);M;74357723030a17509289969d1421aa99;f779e0e1-1e98-4efa-a565-a9b33f690020
;1984-07-10;dep.eduardobolsonaro@camara.gov.br;92346;EDUARDO NANTES BOLSONARO;EDUARDO BOLSONARO;Policial Federal;M;477a254231e44ace6594c9967ba5f797;3be8adfa-6226-48a6-a6c4-c6c3d4d38e84
;1963-02-08;dep.roneynemer@camara.gov.br;178870;RÔNEY TANIOS NEMER;RÔNEY NEMER;Servidor Público Estadual;M;46f55dae7d1a73ec6c494c3187d1128b;2b9c75b7-2d51-404b-bfdd-94a92f530aa0
;1952-06-03;dep.dr.jorgesilva@camara.gov.br;160643;JORGE SILVA;DR. JORGE SILVA;;M;bbf7c7fc4f9ebd28a6651245bec8e3db;c5653b03-4138-476b-a828-963514396e0b
;1972-06-13;dep.carlosgomes@camara.gov.br;178962;ANTONIO CARLOS GOMES DA SILVA;CARLOS GOMES;;M;47b543dc3a294d53128adfe3add912bf;b8af8b5f-b274-4147-a547-db8df4e5ffbe
;1952-04-17;dep.ricardotripoli@camara.gov.br;141472;JOSÉ RICARDO ALVARENGA TRIPOLI;RICARDO TRIPOLI;;M;18a8b20e198e0e5a8429c4b1ffb13cae;ca202798-7b98-4179-b636-bf3174527af1
;1967-03-23;dep.joaorodrigues@camara.gov.br;160571;JOÃO RODRIGUES;JOÃO RODRIGUES;;M;a4fabe6cea8833fa796281ea92fcfa44;d86ff944-e28d-444a-93e2-e499760fbfc4
;1979-03-26;dep.joziaraujo@camara.gov.br;178851;JOZIANE ARAÚJO NASCIMENTO;JOZI ARAÚJO;Empresária;F;cc657edc2ed1f6e66c64595b7d2be870;0656b91f-13ed-419e-88b7-7bad14e2dd43
;1961-08-11;dep.odoricomonteiro@camara.gov.br;178868;LUIZ ODORICO MONTEIRO DE ANDRADE;ODORICO MONTEIRO;Médico(a);M;bf25e20c0be5f8f96911c6f79ddb7003;d34d9235-ff34-42f7-822a-3905a4d258f5
;1984-03-16;dep.rubenspereirajunior@camara.gov.br;178887;RUBENS PEREIRA E SILVA JUNIOR;RUBENS PEREIRA JÚNIOR;Advogado(a);M;66e20d01b9b08c8f36eec26aca39e633;c9ba80e8-95c6-4268-a713-a6488ca26975
;1972-12-12;dep.wolneyqueiroz@camara.gov.br;74439;WOLNEY QUEIROZ MACIEL;WOLNEY QUEIROZ;;M;96fed180292df8fbfca1e89b36c18541;a9777580-a102-4265-8c0e-47aa79413d8b
;1966-11-22;dep.mariadorosario@camara.gov.br;74398;MARIA DO ROSÁRIO NUNES;MARIA DO ROSÁRIO;;F;64528dfffa37938544c595f5ba9ce394;f0b41c76-c151-460f-9679-a589d21d4c50
;1973-05-23;dep.dimasfabiano@camara.gov.br;160599;DIMAS FABIANO TOLEDO JÚNIOR;DIMAS FABIANO;;M;e0d1e61e0036939b7af3edaf2bc5c978;847cb410-efcf-4f2d-925e-f2dfb90f1ddb
;1972-03-15;dep.brunoaraujo@camara.gov.br;141394;BRUNO CAVALCANTI DE ARAÚJO;BRUNO ARAÚJO;;M;c4fb876551ffbb0c910f738048ccf97c;726d76ad-9bba-4b97-9d69-b6f06dcf2ade
;1953-02-11;dep.chicodangelo@camara.gov.br;141439;FRANCISCO JOSÉ D'ANGELO PINTO;CHICO D'ANGELO;;M;61f66fdcf3f702e39119ca146cfb9d1e;3f93ea82-e982-4d7d-9b88-a408119cdfe6
;1979-11-03;dep.cacaleao@camara.gov.br;93083;CARLOS FELIPE VAZQUEZ DE SOUZA LEÃO;CACÁ LEÃO;Administrador;M;6c937ac640034ba75878372bc5e24d99;d5018db9-a340-4b86-93ad-21965c9e3528
;1965-01-29;dep.eriveltonsantana@camara.gov.br;99654;ERIVELTON LIMA SANTANA;ERIVELTON SANTANA;;M;9eb592a766eea0d17e0dad3dd56a7ad9;1e99084b-6ef7-49ec-b485-7cd22d96955a
;1961-06-08;dep.sergiobrito@camara.gov.br;73808;SÉRGIO LUÍS LACERDA BRITO;SÉRGIO BRITO;;M;c4b778dbfd4451855f345dcdee986ffd;e4c7fcce-9147-437e-abd9-6f27061d7fd9
;1957-12-09;dep.helioleite@camara.gov.br;178909;HELIO LEITE DA SILVA;HÉLIO LEITE;Corretor de Imóveis;M;df9368b57a34f6519653aff6e355f098;eb1c8e99-5079-49fe-b12b-14728870d457
;1947-02-11;dep.lazarobotelho@camara.gov.br;141480;LÁZARO BOTELHO MARTINS;LÁZARO BOTELHO;;M;6075e2656ace7921d96c066dc9949a14;a4cc0ebd-156c-4eb0-b207-cf9734e13502
;1948-05-23;dep.osmarserraglio@camara.gov.br;73463;OSMAR JOSÉ SERRAGLIO;OSMAR SERRAGLIO;Advogado(a), Professor Universitário;M;b683fed21bc97cfb97dee76415fe677c;15cc9ebe-4be5-47d4-ba36-ce573388ed2f
;1934-11-30;dep.luizaerundina@camara.gov.br;74784;LUIZA ERUNDINA DE SOUSA;LUIZA ERUNDINA;;F;15b0c0db25954935f07116f5d3e83102;9f9dd505-6db3-40b7-94ad-51e299888100
;1960-05-27;dep.robertoalves@camara.gov.br;152610;BENEDITO ROBERTO ALVES FERREIRA;ROBERTO ALVES;Gestor Público;M;76cfe839d60b2d7ab9f1e8d7580818b1;5f06c22b-2c5a-4d59-9505-00e4a1b2e0fc
